log_file	line
run_finalize_20260716_221052.log	Started: Thu Jul 16 22:10:52 CST 2026
run_finalize_20260716_221225.log	Started: Thu Jul 16 22:12:25 CST 2026
run_finalize_20260716_221225.log	Started: 2026-07-16T22:12:28.924316
run_finalize_20260716_221610.log	Started: Thu Jul 16 22:16:10 CST 2026
run_finalize_20260716_221610.log	Started: 2026-07-16T22:16:14.028661
run_finalize_20260716_222106.log	Started: Thu Jul 16 22:21:06 CST 2026
run_finalize_20260716_222106.log	Started: 2026-07-16T22:21:10.056177
run_finalize_20260716_222106.log	Finished: 2026-07-16T22:22:27.636473
run_finalize_20260716_222556.log	Started: Thu Jul 16 22:25:56 CST 2026
run_finalize_20260716_222556.log	Started: 2026-07-16T22:25:59.366350
run_finalize_20260716_222556.log	Finished: 2026-07-16T22:27:14.860781
run_finalize_20260716_222556.log	Finished: Thu Jul 16 22:27:15 CST 2026
run_fix_all_20260717_023223.log	Started: Fri Jul 17 02:32:23 CST 2026
run_fix_all_20260717_023438.log	Started: Fri Jul 17 02:34:38 CST 2026
run_fix_all_20260717_025158.log	Started: Fri Jul 17 02:51:58 CST 2026
run_fix_all_20260717_030311.log	Started: Fri Jul 17 03:03:11 CST 2026
run_fix_all_20260717_030311.log	[G10] PASS
run_fix_all_20260717_030311.log	Started: 2026-07-17T03:11:12.769492
run_g10_retry_20260716_215959.log	Started: Thu Jul 16 21:59:59 CST 2026
run_g10_retry_20260716_220442.log	Started: Thu Jul 16 22:04:42 CST 2026
run_g10_retry_20260716_220442.log	[G10] PASS
run_g10_retry_20260716_220442.log	Finished: Thu Jul 16 22:05:05 CST 2026
run_g7_g10_20260714_193003.log	Started: Tue Jul 14 19:30:03 CST 2026
run_g7_g10_20260714_195039.log	Started: Tue Jul 14 19:50:39 CST 2026
run_g7_g10_20260714_195039.log	[G7] Training reviewer seed 20260721...
run_g7_g10_20260714_195039.log	[G7] Training reviewer seed 20260722...
run_g7_g10_20260714_195039.log	[G7] Training reviewer seed 20260723...
run_g7_g10_20260714_195039.log	[G7] Training sealed evaluator seed 20260731...
run_g7_g10_20260714_195039.log	[G7] Training sealed evaluator seed 20260732...
run_g7_g10_20260714_195039.log	[G7] Training sealed evaluator seed 20260733...
run_g7_g10_20260714_195039.log	[G7] Running ensemble gate check...
run_g7_g10_20260714_195039.log	[G7] PASS
run_g7_g10_20260714_195039.log	[G8] Selecting parents...
run_g7_g10_20260714_195039.log	[G8] Running 4 methods...
run_g7_g10_20260714_195039.log	[G8 K562 primary_beam] parent 1/600
run_g7_g10_20260714_195039.log	[G8 K562 primary_beam] parent 17/600
run_g7_g10_20260714_195039.log	[G8 K562 primary_beam] parent 33/600
run_g7_g10_20260714_195039.log	[G8 K562 primary_beam] parent 49/600
run_g7_g10_20260714_195039.log	[G8 K562 primary_beam] parent 65/600
run_g7_g10_20260714_195039.log	[G8 K562 primary_beam] parent 81/600
run_g7_g10_20260714_195039.log	[G8 K562 primary_beam] parent 97/600
run_g7_g10_20260714_195039.log	[G8 K562 primary_beam] parent 113/600
run_g7_g10_20260714_195039.log	[G8 K562 primary_beam] parent 129/600
run_g7_g10_20260714_195039.log	[G8 K562 primary_beam] parent 145/600
run_g7_g10_20260714_195039.log	[G8 K562 primary_beam] parent 161/600
run_g7_g10_20260714_195039.log	[G8 K562 primary_beam] parent 177/600
run_g7_g10_20260714_195039.log	[G8 K562 primary_beam] parent 193/600
run_g7_g10_20260714_195039.log	[G8 K562 primary_beam] parent 209/600
run_g7_g10_20260714_195039.log	[G8 K562 primary_beam] parent 225/600
run_g7_g10_20260714_195039.log	[G8 K562 primary_beam] parent 241/600
run_g7_g10_20260714_195039.log	[G8 K562 primary_beam] parent 257/600
run_g7_g10_20260714_195039.log	[G8 K562 primary_beam] parent 273/600
run_g7_g10_20260714_195039.log	[G8 K562 primary_beam] parent 289/600
run_g7_g10_20260714_195039.log	[G8 K562 primary_beam] parent 305/600
run_g7_g10_20260714_195039.log	[G8 K562 primary_beam] parent 321/600
run_g7_g10_20260714_195039.log	[G8 K562 primary_beam] parent 337/600
run_g7_g10_20260714_195039.log	[G8 K562 primary_beam] parent 353/600
run_g7_g10_20260714_195039.log	[G8 K562 primary_beam] parent 369/600
run_g7_g10_20260714_195039.log	[G8 K562 primary_beam] parent 385/600
run_g7_g10_20260714_195039.log	[G8 K562 primary_beam] parent 401/600
run_g7_g10_20260714_195039.log	[G8 K562 primary_beam] parent 417/600
run_g7_g10_20260714_195039.log	[G8 K562 primary_beam] parent 433/600
run_g7_g10_20260714_195039.log	[G8 K562 primary_beam] parent 449/600
run_g7_g10_20260714_195039.log	[G8 K562 primary_beam] parent 465/600
run_g7_g10_20260714_195039.log	[G8 K562 primary_beam] parent 481/600
run_g7_g10_20260714_195039.log	[G8 K562 primary_beam] parent 497/600
run_g7_g10_20260714_195039.log	[G8 K562 primary_beam] parent 513/600
run_g7_g10_20260714_195039.log	[G8 K562 primary_beam] parent 529/600
run_g7_g10_20260714_195039.log	[G8 K562 primary_beam] parent 545/600
run_g7_g10_20260714_195039.log	[G8 K562 primary_beam] parent 561/600
run_g7_g10_20260714_195039.log	[G8 K562 primary_beam] parent 577/600
run_g7_g10_20260714_195039.log	[G8 K562 primary_beam] parent 593/600
run_g7_g10_20260714_195039.log	[G8 K562 safeedit] parent 1/600
run_g7_g10_20260714_195039.log	[G8 K562 safeedit] parent 17/600
run_g7_g10_20260714_195039.log	[G8 K562 safeedit] parent 33/600
run_g7_g10_20260714_195039.log	[G8 K562 safeedit] parent 49/600
run_g7_g10_20260714_195039.log	[G8 K562 safeedit] parent 65/600
run_g7_g10_20260714_195039.log	[G8 K562 safeedit] parent 81/600
run_g7_g10_20260714_195039.log	[G8 K562 safeedit] parent 97/600
run_g7_g10_20260714_195039.log	[G8 K562 safeedit] parent 113/600
run_g7_g10_20260714_195039.log	[G8 K562 safeedit] parent 129/600
run_g7_g10_20260714_195039.log	[G8 K562 safeedit] parent 145/600
run_g7_g10_20260714_195039.log	[G8 K562 safeedit] parent 161/600
run_g7_g10_20260714_195039.log	[G8 K562 safeedit] parent 177/600
run_g7_g10_20260714_195039.log	[G8 K562 safeedit] parent 193/600
run_g7_g10_20260714_195039.log	[G8 K562 safeedit] parent 209/600
run_g7_g10_20260714_195039.log	[G8 K562 safeedit] parent 225/600
run_g7_g10_20260714_195039.log	[G8 K562 safeedit] parent 241/600
run_g7_g10_20260714_195039.log	[G8 K562 safeedit] parent 257/600
run_g7_g10_20260714_195039.log	[G8 K562 safeedit] parent 273/600
run_g7_g10_20260714_195039.log	[G8 K562 safeedit] parent 289/600
run_g7_g10_20260714_195039.log	[G8 K562 safeedit] parent 305/600
run_g7_g10_20260714_195039.log	[G8 K562 safeedit] parent 321/600
run_g7_g10_20260714_195039.log	[G8 K562 safeedit] parent 337/600
run_g7_g10_20260714_195039.log	[G8 K562 safeedit] parent 353/600
run_g7_g10_20260714_195039.log	[G8 K562 safeedit] parent 369/600
run_g7_g10_20260714_195039.log	[G8 K562 safeedit] parent 385/600
run_g7_g10_20260714_195039.log	[G8 K562 safeedit] parent 401/600
run_g7_g10_20260714_195039.log	[G8 K562 safeedit] parent 417/600
run_g7_g10_20260714_195039.log	[G8 K562 safeedit] parent 433/600
run_g7_g10_20260714_195039.log	[G8 K562 safeedit] parent 449/600
run_g7_g10_20260714_195039.log	[G8 K562 safeedit] parent 465/600
run_g7_g10_20260714_195039.log	[G8 K562 safeedit] parent 481/600
run_g7_g10_20260714_195039.log	[G8 K562 safeedit] parent 497/600
run_g7_g10_20260714_195039.log	[G8 K562 safeedit] parent 513/600
run_g7_g10_20260714_195039.log	[G8 K562 safeedit] parent 529/600
run_g7_g10_20260714_195039.log	[G8 K562 safeedit] parent 545/600
run_g7_g10_20260714_195039.log	[G8 K562 safeedit] parent 561/600
run_g7_g10_20260714_195039.log	[G8 K562 safeedit] parent 577/600
run_g7_g10_20260714_195039.log	[G8 K562 safeedit] parent 593/600
run_g7_g10_20260714_195039.log	[G8 HepG2 primary_beam] parent 1/600
run_g7_g10_20260714_195039.log	[G8 HepG2 primary_beam] parent 17/600
run_g7_g10_20260714_195039.log	[G8 HepG2 primary_beam] parent 33/600
run_g7_g10_20260714_195039.log	[G8 HepG2 primary_beam] parent 49/600
run_g7_g10_20260714_195039.log	[G8 HepG2 primary_beam] parent 65/600
run_g7_g10_20260714_195039.log	[G8 HepG2 primary_beam] parent 81/600
run_g7_g10_20260714_195039.log	[G8 HepG2 primary_beam] parent 97/600
run_g7_g10_20260714_195039.log	[G8 HepG2 primary_beam] parent 113/600
run_g7_g10_20260714_195039.log	[G8 HepG2 primary_beam] parent 129/600
run_g7_g10_20260714_195039.log	[G8 HepG2 primary_beam] parent 145/600
run_g9_merge_20260716_215218.log	Started: Thu Jul 16 21:52:18 CST 2026
run_g9_merge_20260716_215218.log	[G9] PASS
run_g9_parallel_20260716_172424_10740.log	Started: Thu Jul 16 17:24:24 CST 2026
run_g9_parallel_20260716_172424_10740.log	[G8 HepG2/safeedit_full safeedit] parent 1/180
run_g9_parallel_20260716_172424_10740.log	[G8 SKNSH/safeedit_full safeedit] parent 1/180
run_g9_parallel_20260716_172424_10740.log	[G8 K562/safeedit_full safeedit] parent 1/180
run_g9_parallel_20260716_172424_10740.log	[G8 HepG2/safeedit_full safeedit] parent 17/180
run_g9_parallel_20260716_172424_10740.log	[G8 K562/safeedit_full safeedit] parent 17/180
run_g9_parallel_20260716_172424_10740.log	[G8 SKNSH/safeedit_full safeedit] parent 17/180
run_g9_parallel_20260716_172424_10740.log	[G8 HepG2/safeedit_full safeedit] parent 33/180
run_g9_parallel_20260716_172424_10740.log	[G8 K562/safeedit_full safeedit] parent 33/180
run_g9_parallel_20260716_172424_10740.log	[G8 SKNSH/safeedit_full safeedit] parent 33/180
run_g9_parallel_20260716_172424_10740.log	[G8 K562/safeedit_full safeedit] parent 49/180
run_g9_parallel_20260716_172424_10740.log	[G8 HepG2/safeedit_full safeedit] parent 49/180
run_g9_parallel_20260716_172424_10740.log	[G8 SKNSH/safeedit_full safeedit] parent 49/180
run_g9_parallel_20260716_172424_10740.log	[G8 K562/safeedit_full safeedit] parent 65/180
run_g9_parallel_20260716_172424_10740.log	[G8 SKNSH/safeedit_full safeedit] parent 65/180
run_g9_parallel_20260716_172424_10740.log	[G8 HepG2/safeedit_full safeedit] parent 65/180
run_g9_parallel_20260716_172424_10740.log	[G8 K562/safeedit_full safeedit] parent 81/180
run_g9_parallel_20260716_172424_10740.log	[G8 SKNSH/safeedit_full safeedit] parent 81/180
run_g9_parallel_20260716_172424_10740.log	[G8 HepG2/safeedit_full safeedit] parent 81/180
run_g9_parallel_20260716_172424_10740.log	[G8 K562/safeedit_full safeedit] parent 97/180
run_g9_parallel_20260716_172424_10740.log	[G8 SKNSH/safeedit_full safeedit] parent 97/180
run_g9_parallel_20260716_172424_10740.log	[G8 HepG2/safeedit_full safeedit] parent 97/180
run_g9_parallel_20260716_172424_10740.log	[G8 K562/safeedit_full safeedit] parent 113/180
run_g9_parallel_20260716_172424_10740.log	[G8 SKNSH/safeedit_full safeedit] parent 113/180
run_g9_parallel_20260716_172424_10740.log	[G8 HepG2/safeedit_full safeedit] parent 113/180
run_g9_parallel_20260716_172424_10740.log	[G8 K562/safeedit_full safeedit] parent 129/180
run_g9_parallel_20260716_172424_10740.log	[G8 SKNSH/safeedit_full safeedit] parent 129/180
run_g9_parallel_20260716_172424_10740.log	[G8 HepG2/safeedit_full safeedit] parent 129/180
run_g9_parallel_20260716_172424_10740.log	[G8 K562/safeedit_full safeedit] parent 145/180
run_g9_parallel_20260716_172424_10740.log	[G8 SKNSH/safeedit_full safeedit] parent 145/180
run_g9_parallel_20260716_172424_10740.log	[G8 HepG2/safeedit_full safeedit] parent 145/180
run_g9_parallel_20260716_172424_10740.log	[G8 SKNSH/safeedit_full safeedit] parent 161/180
run_g9_parallel_20260716_172424_10740.log	[G8 K562/safeedit_full safeedit] parent 161/180
run_g9_parallel_20260716_172424_10740.log	[G8 HepG2/safeedit_full safeedit] parent 161/180
run_g9_parallel_20260716_172424_10740.log	[G8 K562/safeedit_full safeedit] parent 177/180
run_g9_parallel_20260716_172424_10740.log	[G8 SKNSH/safeedit_full safeedit] parent 177/180
run_g9_parallel_20260716_172424_10740.log	[G8 HepG2/safeedit_full safeedit] parent 177/180
run_g9_parallel_20260716_172424_10740.log	[G8 K562/safeedit_no_reviewer_score primary_beam] parent 1/180
run_g9_parallel_20260716_172424_10740.log	[G8 SKNSH/safeedit_no_reviewer_score primary_beam] parent 1/180
run_g9_parallel_20260716_172424_10740.log	[G8 HepG2/safeedit_no_reviewer_score primary_beam] parent 1/180
run_g9_parallel_20260716_172424_10740.log	[G8 K562/safeedit_no_reviewer_score primary_beam] parent 17/180
run_g9_parallel_20260716_172424_10740.log	[G8 SKNSH/safeedit_no_reviewer_score primary_beam] parent 17/180
run_g9_parallel_20260716_172424_10740.log	[G8 HepG2/safeedit_no_reviewer_score primary_beam] parent 17/180
run_g9_parallel_20260716_172424_10740.log	[G8 SKNSH/safeedit_no_reviewer_score primary_beam] parent 33/180
run_g9_parallel_20260716_172424_10740.log	[G8 K562/safeedit_no_reviewer_score primary_beam] parent 33/180
run_g9_parallel_20260716_172424_10740.log	[G8 HepG2/safeedit_no_reviewer_score primary_beam] parent 33/180
run_g9_parallel_20260716_172424_10740.log	[G8 SKNSH/safeedit_no_reviewer_score primary_beam] parent 49/180
run_g9_parallel_20260716_172424_10740.log	[G8 K562/safeedit_no_reviewer_score primary_beam] parent 49/180
run_g9_parallel_20260716_172424_10740.log	[G8 HepG2/safeedit_no_reviewer_score primary_beam] parent 49/180
run_g9_parallel_20260716_172424_10740.log	[G8 SKNSH/safeedit_no_reviewer_score primary_beam] parent 65/180
run_g9_parallel_20260716_172424_10740.log	[G8 K562/safeedit_no_reviewer_score primary_beam] parent 65/180
run_g9_parallel_20260716_172424_10740.log	[G8 HepG2/safeedit_no_reviewer_score primary_beam] parent 65/180
run_g9_parallel_20260716_172424_10740.log	[G8 SKNSH/safeedit_no_reviewer_score primary_beam] parent 81/180
run_g9_parallel_20260716_172424_10740.log	[G8 HepG2/safeedit_no_reviewer_score primary_beam] parent 81/180
run_g9_parallel_20260716_172424_10740.log	[G8 K562/safeedit_no_reviewer_score primary_beam] parent 81/180
run_g9_parallel_20260716_172424_10740.log	[G8 SKNSH/safeedit_no_reviewer_score primary_beam] parent 97/180
run_g9_parallel_20260716_172424_10740.log	[G8 HepG2/safeedit_no_reviewer_score primary_beam] parent 97/180
run_g9_parallel_20260716_172424_10740.log	[G8 K562/safeedit_no_reviewer_score primary_beam] parent 97/180
run_g9_parallel_20260716_172424_10740.log	[G8 SKNSH/safeedit_no_reviewer_score primary_beam] parent 113/180
run_g9_parallel_20260716_172424_10740.log	[G8 HepG2/safeedit_no_reviewer_score primary_beam] parent 113/180
run_g9_parallel_20260716_172424_10740.log	[G8 K562/safeedit_no_reviewer_score primary_beam] parent 113/180
run_g9_parallel_20260716_172424_10740.log	[G8 SKNSH/safeedit_no_reviewer_score primary_beam] parent 129/180
run_g9_parallel_20260716_172424_10740.log	[G8 HepG2/safeedit_no_reviewer_score primary_beam] parent 129/180
run_g9_parallel_20260716_172424_10740.log	[G8 K562/safeedit_no_reviewer_score primary_beam] parent 129/180
run_g9_parallel_20260716_172424_10740.log	[G8 SKNSH/safeedit_no_reviewer_score primary_beam] parent 145/180
run_g9_parallel_20260716_172424_10740.log	[G8 HepG2/safeedit_no_reviewer_score primary_beam] parent 145/180
run_g9_parallel_20260716_172424_10740.log	[G8 K562/safeedit_no_reviewer_score primary_beam] parent 145/180
run_g9_parallel_20260716_172424_10740.log	[G8 SKNSH/safeedit_no_reviewer_score primary_beam] parent 161/180
run_g9_parallel_20260716_172424_10740.log	[G8 HepG2/safeedit_no_reviewer_score primary_beam] parent 161/180
run_g9_parallel_20260716_172424_10740.log	[G8 K562/safeedit_no_reviewer_score primary_beam] parent 161/180
run_g9_parallel_20260716_172424_10740.log	[G8 SKNSH/safeedit_no_reviewer_score primary_beam] parent 177/180
run_g9_parallel_20260716_172424_10740.log	[G8 HepG2/safeedit_no_reviewer_score primary_beam] parent 177/180
run_g9_parallel_20260716_172424_10740.log	[G8 K562/safeedit_no_reviewer_score primary_beam] parent 177/180
run_g9_parallel_20260716_172424_10740.log	Finished: Thu Jul 16 21:01:46 CST 2026
run_g9_parallel_20260716_172424_19106.log	Started: Thu Jul 16 17:24:24 CST 2026
run_g9_parallel_20260716_172424_19106.log	[G8 K562/safeedit_no_uncertainty_penalty safeedit] parent 1/180
run_g9_parallel_20260716_172424_19106.log	[G8 HepG2/safeedit_no_uncertainty_penalty safeedit] parent 1/180
run_g9_parallel_20260716_172424_19106.log	[G8 SKNSH/safeedit_no_uncertainty_penalty safeedit] parent 1/180
run_g9_parallel_20260716_172424_19106.log	[G8 K562/safeedit_no_uncertainty_penalty safeedit] parent 17/180
run_g9_parallel_20260716_172424_19106.log	[G8 SKNSH/safeedit_no_uncertainty_penalty safeedit] parent 17/180
run_g9_parallel_20260716_172424_19106.log	[G8 HepG2/safeedit_no_uncertainty_penalty safeedit] parent 17/180
run_g9_parallel_20260716_172424_19106.log	[G8 SKNSH/safeedit_no_uncertainty_penalty safeedit] parent 33/180
run_g9_parallel_20260716_172424_19106.log	[G8 K562/safeedit_no_uncertainty_penalty safeedit] parent 33/180
run_g9_parallel_20260716_172424_19106.log	[G8 HepG2/safeedit_no_uncertainty_penalty safeedit] parent 33/180
run_g9_parallel_20260716_172424_19106.log	[G8 SKNSH/safeedit_no_uncertainty_penalty safeedit] parent 49/180
run_g9_parallel_20260716_172424_19106.log	[G8 K562/safeedit_no_uncertainty_penalty safeedit] parent 49/180
run_g9_parallel_20260716_172424_19106.log	[G8 HepG2/safeedit_no_uncertainty_penalty safeedit] parent 49/180
run_g9_parallel_20260716_172424_19106.log	[G8 SKNSH/safeedit_no_uncertainty_penalty safeedit] parent 65/180
run_g9_parallel_20260716_172424_19106.log	[G8 HepG2/safeedit_no_uncertainty_penalty safeedit] parent 65/180
run_g9_parallel_20260716_172424_19106.log	[G8 K562/safeedit_no_uncertainty_penalty safeedit] parent 65/180
run_g9_parallel_20260716_172424_19106.log	[G8 SKNSH/safeedit_no_uncertainty_penalty safeedit] parent 81/180
run_g9_parallel_20260716_172424_19106.log	[G8 HepG2/safeedit_no_uncertainty_penalty safeedit] parent 81/180
run_g9_parallel_20260716_172424_19106.log	[G8 K562/safeedit_no_uncertainty_penalty safeedit] parent 81/180
run_g9_parallel_20260716_172424_19106.log	[G8 SKNSH/safeedit_no_uncertainty_penalty safeedit] parent 97/180
run_g9_parallel_20260716_172424_19106.log	[G8 HepG2/safeedit_no_uncertainty_penalty safeedit] parent 97/180
run_g9_parallel_20260716_172424_19106.log	[G8 K562/safeedit_no_uncertainty_penalty safeedit] parent 97/180
run_g9_parallel_20260716_172424_19106.log	[G8 SKNSH/safeedit_no_uncertainty_penalty safeedit] parent 113/180
run_g9_parallel_20260716_172424_19106.log	[G8 HepG2/safeedit_no_uncertainty_penalty safeedit] parent 113/180
run_g9_parallel_20260716_172424_19106.log	[G8 K562/safeedit_no_uncertainty_penalty safeedit] parent 113/180
run_g9_parallel_20260716_172424_19106.log	[G8 SKNSH/safeedit_no_uncertainty_penalty safeedit] parent 129/180
run_g9_parallel_20260716_172424_19106.log	[G8 HepG2/safeedit_no_uncertainty_penalty safeedit] parent 129/180
run_g9_parallel_20260716_172424_19106.log	[G8 K562/safeedit_no_uncertainty_penalty safeedit] parent 129/180
run_g9_parallel_20260716_172424_19106.log	[G8 SKNSH/safeedit_no_uncertainty_penalty safeedit] parent 145/180
run_g9_parallel_20260716_172424_19106.log	[G8 HepG2/safeedit_no_uncertainty_penalty safeedit] parent 145/180
run_g9_parallel_20260716_172424_19106.log	[G8 K562/safeedit_no_uncertainty_penalty safeedit] parent 145/180
run_g9_parallel_20260716_172424_19106.log	[G8 SKNSH/safeedit_no_uncertainty_penalty safeedit] parent 161/180
run_g9_parallel_20260716_172424_19106.log	[G8 HepG2/safeedit_no_uncertainty_penalty safeedit] parent 161/180
run_g9_parallel_20260716_172424_19106.log	[G8 K562/safeedit_no_uncertainty_penalty safeedit] parent 161/180
run_g9_parallel_20260716_172424_19106.log	[G8 SKNSH/safeedit_no_uncertainty_penalty safeedit] parent 177/180
run_g9_parallel_20260716_172424_19106.log	[G8 HepG2/safeedit_no_uncertainty_penalty safeedit] parent 177/180
run_g9_parallel_20260716_172424_19106.log	[G8 K562/safeedit_no_uncertainty_penalty safeedit] parent 177/180
run_g9_parallel_20260716_172424_19106.log	[G8 K562/safeedit_no_strand_penalty safeedit] parent 1/180
run_g9_parallel_20260716_172424_19106.log	[G8 HepG2/safeedit_no_strand_penalty safeedit] parent 1/180
run_g9_parallel_20260716_172424_19106.log	[G8 SKNSH/safeedit_no_strand_penalty safeedit] parent 1/180
run_g9_parallel_20260716_172424_19106.log	[G8 HepG2/safeedit_no_strand_penalty safeedit] parent 17/180
run_g9_parallel_20260716_172424_19106.log	[G8 K562/safeedit_no_strand_penalty safeedit] parent 17/180
run_g9_parallel_20260716_172424_19106.log	[G8 SKNSH/safeedit_no_strand_penalty safeedit] parent 17/180
run_g9_parallel_20260716_172424_19106.log	[G8 HepG2/safeedit_no_strand_penalty safeedit] parent 33/180
run_g9_parallel_20260716_172424_19106.log	[G8 K562/safeedit_no_strand_penalty safeedit] parent 33/180
run_g9_parallel_20260716_172424_19106.log	[G8 SKNSH/safeedit_no_strand_penalty safeedit] parent 33/180
run_g9_parallel_20260716_172424_19106.log	[G8 HepG2/safeedit_no_strand_penalty safeedit] parent 49/180
run_g9_parallel_20260716_172424_19106.log	[G8 K562/safeedit_no_strand_penalty safeedit] parent 49/180
run_g9_parallel_20260716_172424_19106.log	[G8 SKNSH/safeedit_no_strand_penalty safeedit] parent 49/180
run_g9_parallel_20260716_172424_19106.log	[G8 K562/safeedit_no_strand_penalty safeedit] parent 65/180
run_g9_parallel_20260716_172424_19106.log	[G8 HepG2/safeedit_no_strand_penalty safeedit] parent 65/180
run_g9_parallel_20260716_172424_19106.log	[G8 SKNSH/safeedit_no_strand_penalty safeedit] parent 65/180
run_g9_parallel_20260716_172424_19106.log	[G8 K562/safeedit_no_strand_penalty safeedit] parent 81/180
run_g9_parallel_20260716_172424_19106.log	[G8 HepG2/safeedit_no_strand_penalty safeedit] parent 81/180
run_g9_parallel_20260716_172424_19106.log	[G8 SKNSH/safeedit_no_strand_penalty safeedit] parent 81/180
run_g9_parallel_20260716_172424_19106.log	[G8 K562/safeedit_no_strand_penalty safeedit] parent 97/180
run_g9_parallel_20260716_172424_19106.log	[G8 SKNSH/safeedit_no_strand_penalty safeedit] parent 97/180
run_g9_parallel_20260716_172424_19106.log	[G8 HepG2/safeedit_no_strand_penalty safeedit] parent 97/180
run_g9_parallel_20260716_172424_19106.log	[G8 K562/safeedit_no_strand_penalty safeedit] parent 113/180
run_g9_parallel_20260716_172424_19106.log	[G8 SKNSH/safeedit_no_strand_penalty safeedit] parent 113/180
run_g9_parallel_20260716_172424_19106.log	[G8 HepG2/safeedit_no_strand_penalty safeedit] parent 113/180
run_g9_parallel_20260716_172424_19106.log	[G8 K562/safeedit_no_strand_penalty safeedit] parent 129/180
run_g9_parallel_20260716_172424_19106.log	[G8 SKNSH/safeedit_no_strand_penalty safeedit] parent 129/180
run_g9_parallel_20260716_172424_19106.log	[G8 HepG2/safeedit_no_strand_penalty safeedit] parent 129/180
run_g9_parallel_20260716_172424_19106.log	[G8 K562/safeedit_no_strand_penalty safeedit] parent 145/180
run_g9_parallel_20260716_172424_19106.log	[G8 SKNSH/safeedit_no_strand_penalty safeedit] parent 145/180
run_g9_parallel_20260716_172424_19106.log	[G8 HepG2/safeedit_no_strand_penalty safeedit] parent 145/180
run_g9_parallel_20260716_172424_19106.log	[G8 K562/safeedit_no_strand_penalty safeedit] parent 161/180
run_g9_parallel_20260716_172424_19106.log	[G8 SKNSH/safeedit_no_strand_penalty safeedit] parent 161/180
run_g9_parallel_20260716_172424_19106.log	[G8 HepG2/safeedit_no_strand_penalty safeedit] parent 161/180
run_g9_parallel_20260716_172424_19106.log	[G8 K562/safeedit_no_strand_penalty safeedit] parent 177/180
run_g9_parallel_20260716_172424_19106.log	[G8 SKNSH/safeedit_no_strand_penalty safeedit] parent 177/180
run_g9_parallel_20260716_172424_19106.log	[G8 HepG2/safeedit_no_strand_penalty safeedit] parent 177/180
run_g9_parallel_20260716_172424_19106.log	Finished: Thu Jul 16 21:03:33 CST 2026
run_g9_parallel_20260716_172424_20073.log	Started: Thu Jul 16 17:24:24 CST 2026
run_g9_parallel_20260716_172424_20073.log	[G8 SKNSH/primary_beam primary_beam] parent 1/180
run_g9_parallel_20260716_172424_20073.log	[G8 K562/primary_beam primary_beam] parent 1/180
run_g9_parallel_20260716_172424_20073.log	[G8 HepG2/primary_beam primary_beam] parent 1/180
run_g9_parallel_20260716_172424_20073.log	[G8 K562/primary_beam primary_beam] parent 17/180
run_g9_parallel_20260716_172424_20073.log	[G8 SKNSH/primary_beam primary_beam] parent 17/180
run_g9_parallel_20260716_172424_20073.log	[G8 HepG2/primary_beam primary_beam] parent 17/180
run_g9_parallel_20260716_172424_20073.log	[G8 K562/primary_beam primary_beam] parent 33/180
run_g9_parallel_20260716_172424_20073.log	[G8 SKNSH/primary_beam primary_beam] parent 33/180
run_g9_parallel_20260716_172424_20073.log	[G8 HepG2/primary_beam primary_beam] parent 33/180
run_g9_parallel_20260716_172424_20073.log	[G8 SKNSH/primary_beam primary_beam] parent 49/180
run_g9_parallel_20260716_172424_20073.log	[G8 K562/primary_beam primary_beam] parent 49/180
run_g9_parallel_20260716_172424_20073.log	[G8 HepG2/primary_beam primary_beam] parent 49/180
run_g9_parallel_20260716_172424_20073.log	[G8 SKNSH/primary_beam primary_beam] parent 65/180
run_g9_parallel_20260716_172424_20073.log	[G8 HepG2/primary_beam primary_beam] parent 65/180
run_g9_parallel_20260716_172424_20073.log	[G8 K562/primary_beam primary_beam] parent 65/180
run_g9_parallel_20260716_172424_20073.log	[G8 SKNSH/primary_beam primary_beam] parent 81/180
run_g9_parallel_20260716_172424_20073.log	[G8 HepG2/primary_beam primary_beam] parent 81/180
run_g9_parallel_20260716_172424_20073.log	[G8 K562/primary_beam primary_beam] parent 81/180
run_g9_parallel_20260716_172424_20073.log	[G8 SKNSH/primary_beam primary_beam] parent 97/180
run_g9_parallel_20260716_172424_20073.log	[G8 HepG2/primary_beam primary_beam] parent 97/180
run_g9_parallel_20260716_172424_20073.log	[G8 K562/primary_beam primary_beam] parent 97/180
run_g9_parallel_20260716_172424_20073.log	[G8 SKNSH/primary_beam primary_beam] parent 113/180
run_g9_parallel_20260716_172424_20073.log	[G8 HepG2/primary_beam primary_beam] parent 113/180
run_g9_parallel_20260716_172424_20073.log	[G8 K562/primary_beam primary_beam] parent 113/180
run_g9_parallel_20260716_172424_20073.log	[G8 SKNSH/primary_beam primary_beam] parent 129/180
run_g9_parallel_20260716_172424_20073.log	[G8 HepG2/primary_beam primary_beam] parent 129/180
run_g9_parallel_20260716_172424_20073.log	[G8 K562/primary_beam primary_beam] parent 129/180
run_g9_parallel_20260716_172424_20073.log	[G8 SKNSH/primary_beam primary_beam] parent 145/180
run_g9_parallel_20260716_172424_20073.log	[G8 HepG2/primary_beam primary_beam] parent 145/180
run_g9_parallel_20260716_172424_20073.log	[G8 K562/primary_beam primary_beam] parent 145/180
run_g9_parallel_20260716_172424_20073.log	[G8 SKNSH/primary_beam primary_beam] parent 161/180
run_g9_parallel_20260716_172424_20073.log	[G8 HepG2/primary_beam primary_beam] parent 161/180
run_g9_parallel_20260716_172424_20073.log	[G8 K562/primary_beam primary_beam] parent 161/180
run_g9_parallel_20260716_172424_20073.log	[G8 SKNSH/primary_beam primary_beam] parent 177/180
run_g9_parallel_20260716_172424_20073.log	[G8 HepG2/primary_beam primary_beam] parent 177/180
run_g9_parallel_20260716_172424_20073.log	[G8 K562/primary_beam primary_beam] parent 177/180
run_g9_parallel_20260716_172424_20073.log	Finished: Thu Jul 16 19:05:25 CST 2026
run_g9_parallel_20260716_172424_6037.log	Started: Thu Jul 16 17:24:24 CST 2026
run_g9_parallel_20260716_172424_6037.log	[G8 SKNSH/safeedit_no_naturalness_rerank safeedit] parent 1/180
run_g9_parallel_20260716_172424_6037.log	[G8 K562/safeedit_no_naturalness_rerank safeedit] parent 1/180
run_g9_parallel_20260716_172424_6037.log	[G8 HepG2/safeedit_no_naturalness_rerank safeedit] parent 1/180
run_g9_parallel_20260716_172424_6037.log	[G8 K562/safeedit_no_naturalness_rerank safeedit] parent 17/180
run_g9_parallel_20260716_172424_6037.log	[G8 SKNSH/safeedit_no_naturalness_rerank safeedit] parent 17/180
run_g9_parallel_20260716_172424_6037.log	[G8 HepG2/safeedit_no_naturalness_rerank safeedit] parent 17/180
run_g9_parallel_20260716_172424_6037.log	[G8 K562/safeedit_no_naturalness_rerank safeedit] parent 33/180
run_g9_parallel_20260716_172424_6037.log	[G8 HepG2/safeedit_no_naturalness_rerank safeedit] parent 33/180
run_g9_parallel_20260716_172424_6037.log	[G8 SKNSH/safeedit_no_naturalness_rerank safeedit] parent 33/180
run_g9_parallel_20260716_172424_6037.log	[G8 K562/safeedit_no_naturalness_rerank safeedit] parent 49/180
run_g9_parallel_20260716_172424_6037.log	[G8 HepG2/safeedit_no_naturalness_rerank safeedit] parent 49/180
run_g9_parallel_20260716_172424_6037.log	[G8 SKNSH/safeedit_no_naturalness_rerank safeedit] parent 49/180
run_g9_parallel_20260716_172424_6037.log	[G8 K562/safeedit_no_naturalness_rerank safeedit] parent 65/180
run_g9_parallel_20260716_172424_6037.log	[G8 SKNSH/safeedit_no_naturalness_rerank safeedit] parent 65/180
run_g9_parallel_20260716_172424_6037.log	[G8 HepG2/safeedit_no_naturalness_rerank safeedit] parent 65/180
run_g9_parallel_20260716_172424_6037.log	[G8 K562/safeedit_no_naturalness_rerank safeedit] parent 81/180
run_g9_parallel_20260716_172424_6037.log	[G8 SKNSH/safeedit_no_naturalness_rerank safeedit] parent 81/180
run_g9_parallel_20260716_172424_6037.log	[G8 HepG2/safeedit_no_naturalness_rerank safeedit] parent 81/180
run_g9_parallel_20260716_172424_6037.log	[G8 K562/safeedit_no_naturalness_rerank safeedit] parent 97/180
run_g9_parallel_20260716_172424_6037.log	[G8 SKNSH/safeedit_no_naturalness_rerank safeedit] parent 97/180
run_g9_parallel_20260716_172424_6037.log	[G8 HepG2/safeedit_no_naturalness_rerank safeedit] parent 97/180
run_g9_parallel_20260716_172424_6037.log	[G8 K562/safeedit_no_naturalness_rerank safeedit] parent 113/180
run_g9_parallel_20260716_172424_6037.log	[G8 SKNSH/safeedit_no_naturalness_rerank safeedit] parent 113/180
run_g9_parallel_20260716_172424_6037.log	[G8 HepG2/safeedit_no_naturalness_rerank safeedit] parent 113/180
run_g9_parallel_20260716_172424_6037.log	[G8 SKNSH/safeedit_no_naturalness_rerank safeedit] parent 129/180
run_g9_parallel_20260716_172424_6037.log	[G8 K562/safeedit_no_naturalness_rerank safeedit] parent 129/180
run_g9_parallel_20260716_172424_6037.log	[G8 HepG2/safeedit_no_naturalness_rerank safeedit] parent 129/180
run_g9_parallel_20260716_172424_6037.log	[G8 SKNSH/safeedit_no_naturalness_rerank safeedit] parent 145/180
run_g9_parallel_20260716_172424_6037.log	[G8 HepG2/safeedit_no_naturalness_rerank safeedit] parent 145/180
run_g9_parallel_20260716_172424_6037.log	[G8 K562/safeedit_no_naturalness_rerank safeedit] parent 145/180
run_g9_parallel_20260716_172424_6037.log	[G8 SKNSH/safeedit_no_naturalness_rerank safeedit] parent 161/180
run_g9_parallel_20260716_172424_6037.log	[G8 HepG2/safeedit_no_naturalness_rerank safeedit] parent 161/180
run_g9_parallel_20260716_172424_6037.log	[G8 K562/safeedit_no_naturalness_rerank safeedit] parent 161/180
run_g9_parallel_20260716_172424_6037.log	[G8 SKNSH/safeedit_no_naturalness_rerank safeedit] parent 177/180
run_g9_parallel_20260716_172424_6037.log	[G8 HepG2/safeedit_no_naturalness_rerank safeedit] parent 177/180
run_g9_parallel_20260716_172424_6037.log	[G8 K562/safeedit_no_naturalness_rerank safeedit] parent 177/180
run_g9_parallel_20260716_172424_6037.log	[G8 HepG2/safeedit_no_sequence_prefilter safeedit] parent 1/180
run_g9_parallel_20260716_172424_6037.log	[G8 K562/safeedit_no_sequence_prefilter safeedit] parent 1/180
run_g9_parallel_20260716_172424_6037.log	[G8 SKNSH/safeedit_no_sequence_prefilter safeedit] parent 1/180
run_g9_parallel_20260716_172424_6037.log	[G8 HepG2/safeedit_no_sequence_prefilter safeedit] parent 17/180
run_g9_parallel_20260716_172424_6037.log	[G8 K562/safeedit_no_sequence_prefilter safeedit] parent 17/180
run_g9_parallel_20260716_172424_6037.log	[G8 SKNSH/safeedit_no_sequence_prefilter safeedit] parent 17/180
run_g9_parallel_20260716_172424_6037.log	[G8 HepG2/safeedit_no_sequence_prefilter safeedit] parent 33/180
run_g9_parallel_20260716_172424_6037.log	[G8 SKNSH/safeedit_no_sequence_prefilter safeedit] parent 33/180
run_g9_parallel_20260716_172424_6037.log	[G8 K562/safeedit_no_sequence_prefilter safeedit] parent 33/180
run_g9_parallel_20260716_172424_6037.log	[G8 HepG2/safeedit_no_sequence_prefilter safeedit] parent 49/180
run_g9_parallel_20260716_172424_6037.log	[G8 SKNSH/safeedit_no_sequence_prefilter safeedit] parent 49/180
run_g9_parallel_20260716_172424_6037.log	[G8 K562/safeedit_no_sequence_prefilter safeedit] parent 49/180
run_g9_parallel_20260716_172424_6037.log	[G8 HepG2/safeedit_no_sequence_prefilter safeedit] parent 65/180
run_g9_parallel_20260716_172424_6037.log	[G8 SKNSH/safeedit_no_sequence_prefilter safeedit] parent 65/180
run_g9_parallel_20260716_172424_6037.log	[G8 K562/safeedit_no_sequence_prefilter safeedit] parent 65/180
run_g9_parallel_20260716_172424_6037.log	[G8 HepG2/safeedit_no_sequence_prefilter safeedit] parent 81/180
run_g9_parallel_20260716_172424_6037.log	[G8 SKNSH/safeedit_no_sequence_prefilter safeedit] parent 81/180
run_g9_parallel_20260716_172424_6037.log	[G8 K562/safeedit_no_sequence_prefilter safeedit] parent 81/180
run_g9_parallel_20260716_172424_6037.log	[G8 HepG2/safeedit_no_sequence_prefilter safeedit] parent 97/180
run_g9_parallel_20260716_172424_6037.log	[G8 SKNSH/safeedit_no_sequence_prefilter safeedit] parent 97/180
run_g9_parallel_20260716_172424_6037.log	[G8 K562/safeedit_no_sequence_prefilter safeedit] parent 97/180
run_g9_parallel_20260716_172424_6037.log	[G8 HepG2/safeedit_no_sequence_prefilter safeedit] parent 113/180
run_g9_parallel_20260716_172424_6037.log	[G8 SKNSH/safeedit_no_sequence_prefilter safeedit] parent 113/180
run_g9_parallel_20260716_172424_6037.log	[G8 K562/safeedit_no_sequence_prefilter safeedit] parent 113/180
run_g9_parallel_20260716_172424_6037.log	[G8 HepG2/safeedit_no_sequence_prefilter safeedit] parent 129/180
run_g9_parallel_20260716_172424_6037.log	[G8 SKNSH/safeedit_no_sequence_prefilter safeedit] parent 129/180
run_g9_parallel_20260716_172424_6037.log	[G8 K562/safeedit_no_sequence_prefilter safeedit] parent 129/180
run_g9_parallel_20260716_172424_6037.log	[G8 HepG2/safeedit_no_sequence_prefilter safeedit] parent 145/180
run_g9_parallel_20260716_172424_6037.log	[G8 SKNSH/safeedit_no_sequence_prefilter safeedit] parent 145/180
run_g9_parallel_20260716_172424_6037.log	[G8 K562/safeedit_no_sequence_prefilter safeedit] parent 145/180
run_g9_parallel_20260716_172424_6037.log	[G8 HepG2/safeedit_no_sequence_prefilter safeedit] parent 161/180
run_g9_parallel_20260716_172424_6037.log	[G8 SKNSH/safeedit_no_sequence_prefilter safeedit] parent 161/180
run_g9_parallel_20260716_172424_6037.log	[G8 K562/safeedit_no_sequence_prefilter safeedit] parent 161/180
run_g9_parallel_20260716_172424_6037.log	[G8 HepG2/safeedit_no_sequence_prefilter safeedit] parent 177/180
run_g9_parallel_20260716_172424_6037.log	[G8 SKNSH/safeedit_no_sequence_prefilter safeedit] parent 177/180
run_g9_parallel_20260716_172424_6037.log	[G8 K562/safeedit_no_sequence_prefilter safeedit] parent 177/180
run_g9_parallel_20260716_172424_6037.log	Finished: Thu Jul 16 20:20:50 CST 2026
run_g9g10_standalone_20260716_113356.log	Started: Thu Jul 16 11:33:56 CST 2026
run_g9g10_standalone_20260716_113356.log	[G9] Launching K562 on GPU 0...
run_g9g10_standalone_20260716_113356.log	[G9] Launching HepG2 on GPU 1...
run_g9g10_standalone_20260716_113356.log	[G9] Launching SKNSH on GPU 2...
run_g9g10_standalone_20260716_113356.log	[G9] Waiting for 3 parallel jobs...
run_g9g10_standalone_20260716_113356.log	[G8 HepG2/safeedit_full safeedit] parent 1/180
run_g9g10_standalone_20260716_113356.log	[G8 K562/safeedit_full safeedit] parent 1/180
run_g9g10_standalone_20260716_113356.log	[G8 SKNSH/safeedit_full safeedit] parent 1/180
run_g9g10_standalone_20260716_113356.log	[G8 HepG2/safeedit_full safeedit] parent 17/180
run_g9g10_standalone_20260716_113356.log	[G8 K562/safeedit_full safeedit] parent 17/180
run_g9g10_standalone_20260716_113356.log	[G8 SKNSH/safeedit_full safeedit] parent 17/180
run_g9g10_standalone_20260716_113356.log	[G8 HepG2/safeedit_full safeedit] parent 33/180
run_g9g10_standalone_20260716_113356.log	[G8 SKNSH/safeedit_full safeedit] parent 33/180
run_g9g10_standalone_20260716_113356.log	[G8 K562/safeedit_full safeedit] parent 33/180
run_g9g10_standalone_20260716_113356.log	[G8 HepG2/safeedit_full safeedit] parent 49/180
run_g9g10_standalone_20260716_113356.log	[G8 SKNSH/safeedit_full safeedit] parent 49/180
run_g9g10_standalone_20260716_113356.log	[G8 K562/safeedit_full safeedit] parent 49/180
run_g9g10_standalone_20260716_113356.log	[G8 HepG2/safeedit_full safeedit] parent 65/180
run_g9g10_standalone_20260716_113356.log	[G8 SKNSH/safeedit_full safeedit] parent 65/180
run_g9g10_standalone_20260716_113356.log	[G8 K562/safeedit_full safeedit] parent 65/180
run_g9g10_standalone_20260716_113356.log	[G8 HepG2/safeedit_full safeedit] parent 81/180
run_g9g10_standalone_20260716_113356.log	[G8 SKNSH/safeedit_full safeedit] parent 81/180
run_g9g10_standalone_20260716_113356.log	[G8 K562/safeedit_full safeedit] parent 81/180
run_g9g10_standalone_20260716_113356.log	[G8 HepG2/safeedit_full safeedit] parent 97/180
run_g9g10_standalone_20260716_113356.log	[G8 SKNSH/safeedit_full safeedit] parent 97/180
run_g9g10_standalone_20260716_113356.log	[G8 K562/safeedit_full safeedit] parent 97/180
run_g9g10_standalone_20260716_113356.log	[G8 HepG2/safeedit_full safeedit] parent 113/180
run_g9g10_standalone_20260716_113356.log	[G8 SKNSH/safeedit_full safeedit] parent 113/180
run_g9g10_standalone_20260716_113356.log	[G8 K562/safeedit_full safeedit] parent 113/180
run_g9g10_standalone_20260716_113356.log	[G8 HepG2/safeedit_full safeedit] parent 129/180
run_g9g10_standalone_20260716_113356.log	[G8 SKNSH/safeedit_full safeedit] parent 129/180
run_g9g10_standalone_20260716_113356.log	[G8 K562/safeedit_full safeedit] parent 129/180
run_g9g10_standalone_20260716_113356.log	[G8 HepG2/safeedit_full safeedit] parent 145/180
run_g9g10_standalone_20260716_113356.log	[G8 SKNSH/safeedit_full safeedit] parent 145/180
run_g9g10_standalone_20260716_113356.log	[G8 K562/safeedit_full safeedit] parent 145/180
run_g9g10_standalone_20260716_113356.log	[G8 HepG2/safeedit_full safeedit] parent 161/180
run_g9g10_standalone_20260716_113356.log	[G8 SKNSH/safeedit_full safeedit] parent 161/180
run_g9g10_standalone_20260716_113356.log	[G8 K562/safeedit_full safeedit] parent 161/180
run_g9g10_standalone_20260716_113356.log	[G8 HepG2/safeedit_full safeedit] parent 177/180
run_g9g10_standalone_20260716_113356.log	[G8 SKNSH/safeedit_full safeedit] parent 177/180
run_g9g10_standalone_20260716_113356.log	[G8 K562/safeedit_full safeedit] parent 177/180
run_g9g10_standalone_20260716_113356.log	[G8 HepG2/safeedit_no_reviewer_score primary_beam] parent 1/180
run_g9g10_standalone_20260716_113356.log	[G8 SKNSH/safeedit_no_reviewer_score primary_beam] parent 1/180
run_g9g10_standalone_20260716_113356.log	[G8 K562/safeedit_no_reviewer_score primary_beam] parent 1/180
run_g9g10_standalone_20260716_113356.log	[G8 HepG2/safeedit_no_reviewer_score primary_beam] parent 17/180
run_g9g10_standalone_20260716_113356.log	[G8 SKNSH/safeedit_no_reviewer_score primary_beam] parent 17/180
run_g9g10_standalone_20260716_113356.log	[G8 K562/safeedit_no_reviewer_score primary_beam] parent 17/180
run_g9g10_standalone_20260716_113356.log	[G8 HepG2/safeedit_no_reviewer_score primary_beam] parent 33/180
run_g9g10_standalone_20260716_113356.log	[G8 SKNSH/safeedit_no_reviewer_score primary_beam] parent 33/180
run_g9g10_standalone_20260716_113356.log	[G8 K562/safeedit_no_reviewer_score primary_beam] parent 33/180
run_g9g10_standalone_20260716_113356.log	[G8 HepG2/safeedit_no_reviewer_score primary_beam] parent 49/180
run_g9g10_standalone_20260716_113356.log	[G8 SKNSH/safeedit_no_reviewer_score primary_beam] parent 49/180
run_g9g10_standalone_20260716_113356.log	[G8 K562/safeedit_no_reviewer_score primary_beam] parent 49/180
run_g9g10_standalone_20260716_113356.log	[G8 HepG2/safeedit_no_reviewer_score primary_beam] parent 65/180
run_g9g10_standalone_20260716_113356.log	[G8 SKNSH/safeedit_no_reviewer_score primary_beam] parent 65/180
run_g9g10_standalone_20260716_113356.log	[G8 K562/safeedit_no_reviewer_score primary_beam] parent 65/180
run_g9g10_standalone_20260716_113356.log	[G8 HepG2/safeedit_no_reviewer_score primary_beam] parent 81/180
run_g9g10_standalone_20260716_113356.log	[G8 SKNSH/safeedit_no_reviewer_score primary_beam] parent 81/180
run_g9g10_standalone_20260716_113356.log	[G8 K562/safeedit_no_reviewer_score primary_beam] parent 81/180
run_g9g10_standalone_20260716_113356.log	[G8 HepG2/safeedit_no_reviewer_score primary_beam] parent 97/180
run_g9g10_standalone_20260716_113356.log	[G8 SKNSH/safeedit_no_reviewer_score primary_beam] parent 97/180
run_g9g10_standalone_20260716_113356.log	[G8 K562/safeedit_no_reviewer_score primary_beam] parent 97/180
run_g9g10_standalone_20260716_113356.log	[G8 HepG2/safeedit_no_reviewer_score primary_beam] parent 113/180
run_g9g10_standalone_20260716_113356.log	[G8 SKNSH/safeedit_no_reviewer_score primary_beam] parent 113/180
run_g9g10_standalone_20260716_113356.log	[G8 K562/safeedit_no_reviewer_score primary_beam] parent 113/180
run_g9g10_standalone_20260716_113356.log	[G8 HepG2/safeedit_no_reviewer_score primary_beam] parent 129/180
run_g9g10_standalone_20260716_113356.log	[G8 SKNSH/safeedit_no_reviewer_score primary_beam] parent 129/180
run_g9g10_standalone_20260716_113356.log	[G8 K562/safeedit_no_reviewer_score primary_beam] parent 129/180
run_g9g10_standalone_20260716_113356.log	[G8 HepG2/safeedit_no_reviewer_score primary_beam] parent 145/180
run_g9g10_standalone_20260716_113356.log	[G8 SKNSH/safeedit_no_reviewer_score primary_beam] parent 145/180
run_g9g10_standalone_20260716_113356.log	[G8 K562/safeedit_no_reviewer_score primary_beam] parent 145/180
run_g9g10_standalone_20260716_113356.log	[G8 HepG2/safeedit_no_reviewer_score primary_beam] parent 161/180
run_g9g10_standalone_20260716_113356.log	[G8 SKNSH/safeedit_no_reviewer_score primary_beam] parent 161/180
run_g9g10_standalone_20260716_113356.log	[G8 K562/safeedit_no_reviewer_score primary_beam] parent 161/180
run_g9g10_standalone_20260716_113356.log	[G8 HepG2/safeedit_no_reviewer_score primary_beam] parent 177/180
run_g9g10_standalone_20260716_113356.log	[G8 SKNSH/safeedit_no_reviewer_score primary_beam] parent 177/180
run_g9g10_standalone_20260716_113356.log	[G8 HepG2/safeedit_no_uncertainty_penalty safeedit] parent 1/180
run_g9g10_standalone_20260716_113356.log	[G8 K562/safeedit_no_reviewer_score primary_beam] parent 177/180
run_g9g10_standalone_20260716_113356.log	[G8 SKNSH/safeedit_no_uncertainty_penalty safeedit] parent 1/180
run_g9g10_standalone_20260716_113356.log	[G8 K562/safeedit_no_uncertainty_penalty safeedit] parent 1/180
run_g9g10_standalone_20260716_113356.log	[G8 HepG2/safeedit_no_uncertainty_penalty safeedit] parent 17/180
run_g9g10_standalone_20260716_113356.log	[G8 SKNSH/safeedit_no_uncertainty_penalty safeedit] parent 17/180
run_g9g10_standalone_20260716_113356.log	[G8 K562/safeedit_no_uncertainty_penalty safeedit] parent 17/180
run_g9g10_standalone_20260716_113356.log	[G8 HepG2/safeedit_no_uncertainty_penalty safeedit] parent 33/180
run_g9g10_standalone_20260716_113356.log	[G8 SKNSH/safeedit_no_uncertainty_penalty safeedit] parent 33/180
run_g9g10_standalone_20260716_113356.log	[G8 K562/safeedit_no_uncertainty_penalty safeedit] parent 33/180
run_g9g10_standalone_20260716_113356.log	[G8 HepG2/safeedit_no_uncertainty_penalty safeedit] parent 49/180
run_g9g10_standalone_20260716_113356.log	[G8 SKNSH/safeedit_no_uncertainty_penalty safeedit] parent 49/180
run_g9g10_standalone_20260716_113356.log	[G8 K562/safeedit_no_uncertainty_penalty safeedit] parent 49/180
run_g9g10_standalone_20260716_113356.log	[G8 HepG2/safeedit_no_uncertainty_penalty safeedit] parent 65/180
run_g9g10_standalone_20260716_113356.log	[G8 SKNSH/safeedit_no_uncertainty_penalty safeedit] parent 65/180
run_g9g10_standalone_20260716_113356.log	[G8 K562/safeedit_no_uncertainty_penalty safeedit] parent 65/180
run_g9g10_standalone_20260716_113356.log	[G8 HepG2/safeedit_no_uncertainty_penalty safeedit] parent 81/180
run_g9g10_standalone_20260716_113356.log	[G8 SKNSH/safeedit_no_uncertainty_penalty safeedit] parent 81/180
run_g9g10_standalone_20260716_113356.log	[G8 K562/safeedit_no_uncertainty_penalty safeedit] parent 81/180
run_g9g10_standalone_20260716_113356.log	[G8 HepG2/safeedit_no_uncertainty_penalty safeedit] parent 97/180
run_g9g10_standalone_20260716_113356.log	[G8 SKNSH/safeedit_no_uncertainty_penalty safeedit] parent 97/180
run_g9g10_standalone_20260716_113356.log	[G8 K562/safeedit_no_uncertainty_penalty safeedit] parent 97/180
run_g9g10_standalone_20260716_113356.log	[G8 HepG2/safeedit_no_uncertainty_penalty safeedit] parent 113/180
run_g9g10_standalone_20260716_113356.log	[G8 SKNSH/safeedit_no_uncertainty_penalty safeedit] parent 113/180
run_g9g10_standalone_20260716_113356.log	[G8 K562/safeedit_no_uncertainty_penalty safeedit] parent 113/180
run_g9g10_standalone_20260716_113356.log	[G8 HepG2/safeedit_no_uncertainty_penalty safeedit] parent 129/180
run_g9g10_standalone_20260716_113356.log	[G8 SKNSH/safeedit_no_uncertainty_penalty safeedit] parent 129/180
run_g9g10_standalone_20260716_113356.log	[G8 K562/safeedit_no_uncertainty_penalty safeedit] parent 129/180
run_g9g10_standalone_20260716_113356.log	[G8 HepG2/safeedit_no_uncertainty_penalty safeedit] parent 145/180
run_g9g10_standalone_20260716_113356.log	[G8 SKNSH/safeedit_no_uncertainty_penalty safeedit] parent 145/180
run_g9g10_standalone_20260716_113356.log	[G8 K562/safeedit_no_uncertainty_penalty safeedit] parent 145/180
run_g9g10_standalone_20260716_113356.log	[G8 HepG2/safeedit_no_uncertainty_penalty safeedit] parent 161/180
run_g9g10_standalone_20260716_113356.log	[G8 SKNSH/safeedit_no_uncertainty_penalty safeedit] parent 161/180
run_g9g10_standalone_20260716_113356.log	[G8 K562/safeedit_no_uncertainty_penalty safeedit] parent 161/180
run_g9g10_standalone_20260716_113356.log	[G8 HepG2/safeedit_no_uncertainty_penalty safeedit] parent 177/180
run_g9g10_standalone_20260716_113356.log	[G8 HepG2/safeedit_no_strand_penalty safeedit] parent 1/180
run_g9g10_standalone_20260716_113356.log	[G8 SKNSH/safeedit_no_uncertainty_penalty safeedit] parent 177/180
run_g9g10_standalone_20260716_113356.log	[G8 K562/safeedit_no_uncertainty_penalty safeedit] parent 177/180
run_g9g10_standalone_20260716_113356.log	[G8 SKNSH/safeedit_no_strand_penalty safeedit] parent 1/180
run_g9g10_standalone_20260716_113356.log	[G8 K562/safeedit_no_strand_penalty safeedit] parent 1/180
run_g9g10_standalone_20260716_113356.log	[G8 HepG2/safeedit_no_strand_penalty safeedit] parent 17/180
run_g9g10_standalone_20260716_113356.log	[G8 SKNSH/safeedit_no_strand_penalty safeedit] parent 17/180
run_g9g10_standalone_20260716_113356.log	[G8 K562/safeedit_no_strand_penalty safeedit] parent 17/180
run_g9g10_standalone_20260716_113356.log	[G8 HepG2/safeedit_no_strand_penalty safeedit] parent 33/180
run_g9g10_standalone_20260716_113356.log	[G8 SKNSH/safeedit_no_strand_penalty safeedit] parent 33/180
run_g9g10_standalone_20260716_113356.log	[G8 K562/safeedit_no_strand_penalty safeedit] parent 33/180
run_g9g10_standalone_20260716_113356.log	[G8 HepG2/safeedit_no_strand_penalty safeedit] parent 49/180
run_g9g10_standalone_20260716_113356.log	[G8 SKNSH/safeedit_no_strand_penalty safeedit] parent 49/180
run_g9g10_standalone_20260716_113356.log	[G8 K562/safeedit_no_strand_penalty safeedit] parent 49/180
run_parallel_20260715_160057.log	Started: Wed Jul 15 16:00:57 CST 2026
run_parallel_20260715_160057.log	[G7] Already PASS, skipping.
run_parallel_20260715_160057.log	[G8] Parents already selected.
run_parallel_20260715_160057.log	[G8] Parents: 601 rows
run_parallel_20260715_160057.log	[G8] Launching K562 on GPU 0...
run_parallel_20260715_160057.log	[G8] Launching HepG2 on GPU 1...
run_parallel_20260715_160057.log	[G8] Launching SKNSH on GPU 2...
run_parallel_20260715_160057.log	[G8] Waiting for 3 parallel jobs...
run_parallel_20260715_160057.log	[G8 HepG2 primary_beam] parent 1/600
run_parallel_20260715_160057.log	[G8 K562 primary_beam] parent 1/600
run_parallel_20260715_160057.log	[G8 SKNSH primary_beam] parent 1/600
run_parallel_20260715_161603.log	Started: Wed Jul 15 16:16:03 CST 2026
run_parallel_20260715_161603.log	[G7] Already PASS, skipping.
run_parallel_20260715_161603.log	[G8] Parents already selected.
run_parallel_20260715_161603.log	[G8] Parents: 601 rows
run_parallel_20260715_161603.log	[G8] Launching K562 on GPU 0...
run_parallel_20260715_161603.log	[G8] Launching HepG2 on GPU 1...
run_parallel_20260715_161603.log	[G8] Launching SKNSH on GPU 2...
run_parallel_20260715_161603.log	[G8] Waiting for 3 parallel jobs...
run_parallel_20260715_161603.log	[G8 HepG2 primary_beam] parent 1/600
run_parallel_20260715_161603.log	[G8 SKNSH primary_beam] parent 1/600
run_parallel_20260715_161603.log	[G8 K562 primary_beam] parent 1/600
run_parallel_20260715_163351.log	Started: Wed Jul 15 16:33:51 CST 2026
run_parallel_20260715_163351.log	[G7] Already PASS, skipping.
run_parallel_20260715_163351.log	[G8] Parents already selected.
run_parallel_20260715_163351.log	[G8] Parents: 601 rows
run_parallel_20260715_163351.log	[G8] Launching K562 on GPU 0...
run_parallel_20260715_163351.log	[G8] Launching HepG2 on GPU 1...
run_parallel_20260715_163351.log	[G8] Launching SKNSH on GPU 2...
run_parallel_20260715_163351.log	[G8] Waiting for 3 parallel jobs...
run_parallel_20260715_163351.log	[G8 K562 primary_beam] parent 1/600
run_parallel_20260715_163351.log	[G8 HepG2 primary_beam] parent 1/600
run_parallel_20260715_163351.log	[G8 SKNSH primary_beam] parent 1/600
run_parallel_20260715_163351.log	[G8 K562 primary_beam] parent 17/600
run_parallel_20260715_163351.log	[G8 HepG2 primary_beam] parent 17/600
run_parallel_20260715_163351.log	[G8 SKNSH primary_beam] parent 17/600
run_parallel_20260715_163351.log	[G8 K562 primary_beam] parent 33/600
run_parallel_20260715_163351.log	[G8 HepG2 primary_beam] parent 33/600
run_parallel_20260715_163351.log	[G8 SKNSH primary_beam] parent 33/600
run_parallel_20260715_163351.log	[G8 K562 primary_beam] parent 49/600
run_parallel_20260715_163351.log	[G8 HepG2 primary_beam] parent 49/600
run_parallel_20260715_163351.log	[G8 SKNSH primary_beam] parent 49/600
run_parallel_20260715_163351.log	[G8 K562 primary_beam] parent 65/600
run_parallel_20260715_163351.log	[G8 HepG2 primary_beam] parent 65/600
run_parallel_20260715_163351.log	[G8 SKNSH primary_beam] parent 65/600
run_parallel_20260715_163351.log	[G8 K562 primary_beam] parent 81/600
run_parallel_20260715_163351.log	[G8 HepG2 primary_beam] parent 81/600
run_parallel_20260715_163351.log	[G8 SKNSH primary_beam] parent 81/600
run_parallel_20260715_163351.log	[G8 K562 primary_beam] parent 97/600
run_parallel_20260715_163351.log	[G8 HepG2 primary_beam] parent 97/600
run_parallel_20260715_163351.log	[G8 SKNSH primary_beam] parent 97/600
run_parallel_20260715_163351.log	[G8 K562 primary_beam] parent 113/600
run_parallel_20260715_163351.log	[G8 HepG2 primary_beam] parent 113/600
run_parallel_20260715_163351.log	[G8 SKNSH primary_beam] parent 113/600
run_parallel_20260715_163351.log	[G8 K562 primary_beam] parent 129/600
run_parallel_20260715_163351.log	[G8 HepG2 primary_beam] parent 129/600
run_parallel_20260715_163351.log	[G8 SKNSH primary_beam] parent 129/600
run_parallel_20260715_163351.log	[G8 K562 primary_beam] parent 145/600
run_parallel_20260715_163351.log	[G8 HepG2 primary_beam] parent 145/600
run_parallel_20260715_163351.log	[G8 SKNSH primary_beam] parent 145/600
run_parallel_20260715_163351.log	[G8 K562 primary_beam] parent 161/600
run_parallel_20260715_163351.log	[G8 HepG2 primary_beam] parent 161/600
run_parallel_20260715_163351.log	[G8 SKNSH primary_beam] parent 161/600
run_parallel_20260715_163351.log	[G8 K562 primary_beam] parent 177/600
run_parallel_20260715_163351.log	[G8 HepG2 primary_beam] parent 177/600
run_parallel_20260715_163351.log	[G8 SKNSH primary_beam] parent 177/600
run_parallel_20260715_163351.log	[G8 K562 primary_beam] parent 193/600
run_parallel_20260715_163351.log	[G8 HepG2 primary_beam] parent 193/600
run_parallel_20260715_163351.log	[G8 SKNSH primary_beam] parent 193/600
run_parallel_20260715_163351.log	[G8 K562 primary_beam] parent 209/600
run_parallel_20260715_163351.log	[G8 HepG2 primary_beam] parent 209/600
run_parallel_20260715_163351.log	[G8 SKNSH primary_beam] parent 209/600
run_parallel_20260715_163351.log	[G8 K562 primary_beam] parent 225/600
run_parallel_20260715_163351.log	[G8 HepG2 primary_beam] parent 225/600
run_parallel_20260715_163351.log	[G8 SKNSH primary_beam] parent 225/600
run_parallel_20260715_163351.log	[G8 K562 primary_beam] parent 241/600
run_parallel_20260715_163351.log	[G8 SKNSH primary_beam] parent 241/600
run_parallel_20260715_163351.log	[G8 HepG2 primary_beam] parent 241/600
run_parallel_20260715_163351.log	[G8 K562 primary_beam] parent 257/600
run_parallel_20260715_163351.log	[G8 SKNSH primary_beam] parent 257/600
run_parallel_20260715_163351.log	[G8 HepG2 primary_beam] parent 257/600
run_parallel_20260715_163351.log	[G8 K562 primary_beam] parent 273/600
run_parallel_20260715_163351.log	[G8 SKNSH primary_beam] parent 273/600
run_parallel_20260715_163351.log	[G8 HepG2 primary_beam] parent 273/600
run_parallel_20260715_163351.log	[G8 SKNSH primary_beam] parent 289/600
run_parallel_20260715_163351.log	[G8 K562 primary_beam] parent 289/600
run_parallel_20260715_163351.log	[G8 HepG2 primary_beam] parent 289/600
run_parallel_20260715_163351.log	[G8 SKNSH primary_beam] parent 305/600
run_parallel_20260715_163351.log	[G8 K562 primary_beam] parent 305/600
run_parallel_20260715_163351.log	[G8 HepG2 primary_beam] parent 305/600
run_parallel_20260715_163351.log	[G8 SKNSH primary_beam] parent 321/600
run_parallel_20260715_163351.log	[G8 K562 primary_beam] parent 321/600
run_parallel_20260715_163351.log	[G8 HepG2 primary_beam] parent 321/600
run_parallel_20260715_163351.log	[G8 SKNSH primary_beam] parent 337/600
run_parallel_20260715_163351.log	[G8 K562 primary_beam] parent 337/600
run_parallel_20260715_163351.log	[G8 HepG2 primary_beam] parent 337/600
run_parallel_20260715_163351.log	[G8 SKNSH primary_beam] parent 353/600
run_parallel_20260715_163351.log	[G8 K562 primary_beam] parent 353/600
run_parallel_20260715_163351.log	[G8 HepG2 primary_beam] parent 353/600
run_parallel_20260715_163351.log	[G8 SKNSH primary_beam] parent 369/600
run_parallel_20260715_163351.log	[G8 K562 primary_beam] parent 369/600
run_parallel_20260715_163351.log	[G8 HepG2 primary_beam] parent 369/600
run_parallel_20260715_163351.log	[G8 SKNSH primary_beam] parent 385/600
run_parallel_20260715_163351.log	[G8 K562 primary_beam] parent 385/600
run_parallel_20260715_163351.log	[G8 HepG2 primary_beam] parent 385/600
run_parallel_20260715_163351.log	[G8 SKNSH primary_beam] parent 401/600
run_parallel_20260715_163351.log	[G8 HepG2 primary_beam] parent 401/600
run_parallel_20260715_163351.log	[G8 K562 primary_beam] parent 401/600
run_parallel_20260715_163351.log	[G8 SKNSH primary_beam] parent 417/600
run_parallel_20260715_163351.log	[G8 HepG2 primary_beam] parent 417/600
run_parallel_20260715_163351.log	[G8 K562 primary_beam] parent 417/600
run_parallel_20260715_163351.log	[G8 SKNSH primary_beam] parent 433/600
run_parallel_20260715_163351.log	[G8 HepG2 primary_beam] parent 433/600
run_parallel_20260715_163351.log	[G8 K562 primary_beam] parent 433/600
run_parallel_20260715_163351.log	[G8 SKNSH primary_beam] parent 449/600
run_parallel_20260715_163351.log	[G8 HepG2 primary_beam] parent 449/600
run_parallel_20260715_163351.log	[G8 K562 primary_beam] parent 449/600
run_parallel_20260715_163351.log	[G8 SKNSH primary_beam] parent 465/600
run_parallel_20260715_163351.log	[G8 HepG2 primary_beam] parent 465/600
run_parallel_20260715_163351.log	[G8 K562 primary_beam] parent 465/600
run_parallel_20260715_163351.log	[G8 SKNSH primary_beam] parent 481/600
run_parallel_20260715_163351.log	[G8 HepG2 primary_beam] parent 481/600
run_parallel_20260715_163351.log	[G8 K562 primary_beam] parent 481/600
run_parallel_20260715_163351.log	[G8 SKNSH primary_beam] parent 497/600
run_parallel_20260715_163351.log	[G8 HepG2 primary_beam] parent 497/600
run_parallel_20260715_163351.log	[G8 K562 primary_beam] parent 497/600
run_parallel_20260715_163351.log	[G8 HepG2 primary_beam] parent 513/600
run_parallel_20260715_163351.log	[G8 SKNSH primary_beam] parent 513/600
run_parallel_20260715_163351.log	[G8 K562 primary_beam] parent 513/600
run_parallel_20260715_163351.log	[G8 HepG2 primary_beam] parent 529/600
run_parallel_20260715_163351.log	[G8 SKNSH primary_beam] parent 529/600
run_parallel_20260715_163351.log	[G8 K562 primary_beam] parent 529/600
run_parallel_20260715_163351.log	[G8 HepG2 primary_beam] parent 545/600
run_parallel_20260715_163351.log	[G8 SKNSH primary_beam] parent 545/600
run_parallel_20260715_163351.log	[G8 K562 primary_beam] parent 545/600
run_parallel_20260715_163351.log	[G8 HepG2 primary_beam] parent 561/600
run_parallel_20260715_163351.log	[G8 SKNSH primary_beam] parent 561/600
run_parallel_20260715_163351.log	[G8 K562 primary_beam] parent 561/600
run_parallel_20260715_163351.log	[G8 HepG2 primary_beam] parent 577/600
run_parallel_20260715_163351.log	[G8 SKNSH primary_beam] parent 577/600
run_parallel_20260715_163351.log	[G8 K562 primary_beam] parent 577/600
run_parallel_20260715_163351.log	[G8 HepG2 primary_beam] parent 593/600
run_parallel_20260715_163351.log	[G8 SKNSH primary_beam] parent 593/600
run_parallel_20260715_163351.log	[G8 K562 primary_beam] parent 593/600
run_parallel_20260715_163351.log	[G8 HepG2 safeedit] parent 1/600
run_parallel_20260715_163351.log	[G8 SKNSH safeedit] parent 1/600
run_parallel_20260715_163351.log	[G8 K562 safeedit] parent 1/600
run_parallel_20260715_163351.log	[G8 HepG2 safeedit] parent 17/600
run_parallel_20260715_163351.log	[G8 SKNSH safeedit] parent 17/600
run_parallel_20260715_163351.log	[G8 K562 safeedit] parent 17/600
run_parallel_20260715_163351.log	[G8 HepG2 safeedit] parent 33/600
run_parallel_20260715_163351.log	[G8 SKNSH safeedit] parent 33/600
run_parallel_20260715_163351.log	[G8 K562 safeedit] parent 33/600
run_parallel_20260715_163351.log	[G8 HepG2 safeedit] parent 49/600
run_parallel_20260715_163351.log	[G8 SKNSH safeedit] parent 49/600
run_parallel_20260715_163351.log	[G8 K562 safeedit] parent 49/600
run_parallel_20260715_163351.log	[G8 HepG2 safeedit] parent 65/600
run_parallel_20260715_163351.log	[G8 SKNSH safeedit] parent 65/600
run_parallel_20260715_163351.log	[G8 K562 safeedit] parent 65/600
run_parallel_20260715_163351.log	[G8 HepG2 safeedit] parent 81/600
run_parallel_20260715_163351.log	[G8 SKNSH safeedit] parent 81/600
run_parallel_20260715_163351.log	[G8 K562 safeedit] parent 81/600
run_parallel_20260715_163351.log	[G8 HepG2 safeedit] parent 97/600
run_parallel_20260715_163351.log	[G8 SKNSH safeedit] parent 97/600
run_parallel_20260715_163351.log	[G8 K562 safeedit] parent 97/600
run_parallel_20260715_163351.log	[G8 HepG2 safeedit] parent 113/600
run_parallel_20260715_163351.log	[G8 SKNSH safeedit] parent 113/600
run_parallel_20260715_163351.log	[G8 K562 safeedit] parent 113/600
run_parallel_20260715_163351.log	[G8 HepG2 safeedit] parent 129/600
run_parallel_20260715_163351.log	[G8 SKNSH safeedit] parent 129/600
run_parallel_20260715_163351.log	[G8 K562 safeedit] parent 129/600
run_parallel_20260715_163351.log	[G8 HepG2 safeedit] parent 145/600
run_parallel_20260715_163351.log	[G8 SKNSH safeedit] parent 145/600
run_parallel_20260715_163351.log	[G8 K562 safeedit] parent 145/600
run_parallel_20260715_163351.log	[G8 HepG2 safeedit] parent 161/600
run_parallel_20260715_163351.log	[G8 SKNSH safeedit] parent 161/600
run_parallel_20260715_163351.log	[G8 K562 safeedit] parent 161/600
run_parallel_20260715_163351.log	[G8 HepG2 safeedit] parent 177/600
run_parallel_20260715_163351.log	[G8 SKNSH safeedit] parent 177/600
run_parallel_20260715_163351.log	[G8 K562 safeedit] parent 177/600
run_parallel_20260715_163351.log	[G8 HepG2 safeedit] parent 193/600
run_parallel_20260715_163351.log	[G8 SKNSH safeedit] parent 193/600
run_parallel_20260715_163351.log	[G8 K562 safeedit] parent 193/600
run_parallel_20260715_163351.log	[G8 HepG2 safeedit] parent 209/600
run_parallel_20260715_163351.log	[G8 SKNSH safeedit] parent 209/600
run_parallel_20260715_163351.log	[G8 HepG2 safeedit] parent 225/600
run_parallel_20260715_163351.log	[G8 K562 safeedit] parent 209/600
run_parallel_20260715_163351.log	[G8 SKNSH safeedit] parent 225/600
run_parallel_20260715_163351.log	[G8 K562 safeedit] parent 225/600
run_parallel_20260715_163351.log	[G8 HepG2 safeedit] parent 241/600
run_parallel_20260715_163351.log	[G8 SKNSH safeedit] parent 241/600
run_parallel_20260715_163351.log	[G8 HepG2 safeedit] parent 257/600
run_parallel_20260715_163351.log	[G8 K562 safeedit] parent 241/600
run_parallel_20260715_163351.log	[G8 SKNSH safeedit] parent 257/600
run_parallel_20260715_163351.log	[G8 HepG2 safeedit] parent 273/600
run_parallel_20260715_163351.log	[G8 K562 safeedit] parent 257/600
run_parallel_20260715_163351.log	[G8 SKNSH safeedit] parent 273/600
run_parallel_20260715_163351.log	[G8 HepG2 safeedit] parent 289/600
run_parallel_20260715_163351.log	[G8 K562 safeedit] parent 273/600
run_parallel_20260715_163351.log	[G8 SKNSH safeedit] parent 289/600
run_parallel_20260715_163351.log	[G8 HepG2 safeedit] parent 305/600
run_parallel_20260715_163351.log	[G8 K562 safeedit] parent 289/600
run_parallel_20260715_163351.log	[G8 SKNSH safeedit] parent 305/600
run_parallel_20260715_163351.log	[G8 HepG2 safeedit] parent 321/600
run_parallel_20260715_163351.log	[G8 K562 safeedit] parent 305/600
run_parallel_20260715_163351.log	[G8 SKNSH safeedit] parent 321/600
run_parallel_20260715_163351.log	[G8 HepG2 safeedit] parent 337/600
run_parallel_20260715_163351.log	[G8 K562 safeedit] parent 321/600
run_parallel_20260715_163351.log	[G8 SKNSH safeedit] parent 337/600
run_parallel_20260715_163351.log	[G8 HepG2 safeedit] parent 353/600
run_parallel_20260715_163351.log	[G8 K562 safeedit] parent 337/600
run_parallel_20260715_163351.log	[G8 SKNSH safeedit] parent 353/600
run_parallel_20260715_163351.log	[G8 HepG2 safeedit] parent 369/600
run_parallel_20260715_163351.log	[G8 K562 safeedit] parent 353/600
run_parallel_20260715_163351.log	[G8 SKNSH safeedit] parent 369/600
run_parallel_20260715_163351.log	[G8 HepG2 safeedit] parent 385/600
run_parallel_20260715_163351.log	[G8 K562 safeedit] parent 369/600
run_parallel_20260715_163351.log	[G8 SKNSH safeedit] parent 385/600
run_parallel_20260715_163351.log	[G8 HepG2 safeedit] parent 401/600
run_parallel_20260715_163351.log	[G8 K562 safeedit] parent 385/600
run_parallel_20260715_163351.log	[G8 SKNSH safeedit] parent 401/600
run_parallel_20260715_163351.log	[G8 HepG2 safeedit] parent 417/600
run_parallel_20260715_163351.log	[G8 K562 safeedit] parent 401/600
run_parallel_20260715_163351.log	[G8 HepG2 safeedit] parent 433/600
run_parallel_20260715_163351.log	[G8 SKNSH safeedit] parent 417/600
run_parallel_20260715_163351.log	[G8 K562 safeedit] parent 417/600
run_parallel_20260715_163351.log	[G8 HepG2 safeedit] parent 449/600
run_parallel_20260715_163351.log	[G8 SKNSH safeedit] parent 433/600
run_parallel_20260715_163351.log	[G8 K562 safeedit] parent 433/600
run_parallel_20260715_163351.log	[G8 HepG2 safeedit] parent 465/600
run_parallel_20260715_163351.log	[G8 SKNSH safeedit] parent 449/600
run_parallel_20260715_163351.log	[G8 K562 safeedit] parent 449/600
run_parallel_20260715_163351.log	[G8 HepG2 safeedit] parent 481/600
run_parallel_20260715_163351.log	[G8 SKNSH safeedit] parent 465/600
run_parallel_20260715_163351.log	[G8 K562 safeedit] parent 465/600
run_parallel_20260715_163351.log	[G8 HepG2 safeedit] parent 497/600
run_parallel_20260715_163351.log	[G8 SKNSH safeedit] parent 481/600
run_parallel_20260715_163351.log	[G8 K562 safeedit] parent 481/600
run_parallel_20260715_163351.log	[G8 HepG2 safeedit] parent 513/600
run_parallel_20260715_163351.log	[G8 SKNSH safeedit] parent 497/600
run_parallel_20260715_163351.log	[G8 K562 safeedit] parent 497/600
run_parallel_20260715_163351.log	[G8 HepG2 safeedit] parent 529/600
run_parallel_20260715_163351.log	[G8 SKNSH safeedit] parent 513/600
run_parallel_20260715_163351.log	[G8 K562 safeedit] parent 513/600
run_parallel_20260715_163351.log	[G8 HepG2 safeedit] parent 545/600
run_parallel_20260715_163351.log	[G8 SKNSH safeedit] parent 529/600
run_parallel_20260715_163351.log	[G8 K562 safeedit] parent 529/600
run_parallel_20260715_163351.log	[G8 HepG2 safeedit] parent 561/600
run_parallel_20260715_163351.log	[G8 SKNSH safeedit] parent 545/600
run_parallel_20260715_163351.log	[G8 K562 safeedit] parent 545/600
run_parallel_20260715_163351.log	[G8 HepG2 safeedit] parent 577/600
run_parallel_20260715_163351.log	[G8 SKNSH safeedit] parent 561/600
run_parallel_20260715_163351.log	[G8 K562 safeedit] parent 561/600
run_parallel_20260715_163351.log	[G8 HepG2 safeedit] parent 593/600
run_parallel_20260715_163351.log	[G8 SKNSH safeedit] parent 577/600
run_parallel_20260715_163351.log	[G8 K562 safeedit] parent 577/600
run_parallel_20260715_163351.log	[G8 SKNSH safeedit] parent 593/600
run_parallel_20260715_163351.log	[G8 K562 safeedit] parent 593/600
run_parallel_20260715_163351.log	[G8] All 3 cells complete.
run_parallel_20260715_163351.log	[G8] Merging results...
run_parallel_20260715_163351.log	[G8] Writing presealed manifest...
run_parallel_20260715_163351.log	[G8] PASS
run_parallel_20260715_163351.log	[G9] Launching K562 on GPU 0...
run_parallel_20260715_163351.log	[G9] Launching HepG2 on GPU 1...
run_parallel_20260715_163351.log	[G9] Launching SKNSH on GPU 2...
run_parallel_20260715_163351.log	[G9] Waiting for 3 parallel jobs...
run_parallel_20260715_163351.log	[G8 SKNSH/safeedit_full safeedit] parent 1/180
run_parallel_20260715_163351.log	[G8 K562/safeedit_full safeedit] parent 1/180
run_parallel_20260715_163351.log	[G8 HepG2/safeedit_full safeedit] parent 1/180
run_parallel_20260715_163351.log	[G8 SKNSH/safeedit_full safeedit] parent 17/180
run_parallel_20260715_163351.log	[G8 K562/safeedit_full safeedit] parent 17/180
run_parallel_20260715_163351.log	[G8 HepG2/safeedit_full safeedit] parent 17/180
run_parallel_20260715_163351.log	[G8 SKNSH/safeedit_full safeedit] parent 33/180
run_parallel_20260715_163351.log	[G8 K562/safeedit_full safeedit] parent 33/180
run_parallel_20260715_163351.log	[G8 HepG2/safeedit_full safeedit] parent 33/180
run_parallel_20260715_163351.log	[G8 SKNSH/safeedit_full safeedit] parent 49/180
run_parallel_20260715_163351.log	[G8 K562/safeedit_full safeedit] parent 49/180
run_parallel_20260715_163351.log	[G8 HepG2/safeedit_full safeedit] parent 49/180
run_parallel_20260715_163351.log	[G8 SKNSH/safeedit_full safeedit] parent 65/180
run_parallel_20260715_163351.log	[G8 K562/safeedit_full safeedit] parent 65/180
run_parallel_20260715_163351.log	[G8 HepG2/safeedit_full safeedit] parent 65/180
run_parallel_20260715_163351.log	[G8 SKNSH/safeedit_full safeedit] parent 81/180
run_parallel_20260715_163351.log	[G8 K562/safeedit_full safeedit] parent 81/180
run_parallel_20260715_163351.log	[G8 HepG2/safeedit_full safeedit] parent 81/180
run_parallel_20260715_163351.log	[G8 SKNSH/safeedit_full safeedit] parent 97/180
run_parallel_20260715_163351.log	[G8 HepG2/safeedit_full safeedit] parent 97/180
run_parallel_20260715_163351.log	[G8 K562/safeedit_full safeedit] parent 97/180
run_parallel_20260715_163351.log	[G8 SKNSH/safeedit_full safeedit] parent 113/180
run_parallel_20260715_163351.log	[G8 HepG2/safeedit_full safeedit] parent 113/180
run_parallel_20260715_163351.log	[G8 K562/safeedit_full safeedit] parent 113/180
run_parallel_20260715_163351.log	[G8 SKNSH/safeedit_full safeedit] parent 129/180
run_parallel_20260715_163351.log	[G8 HepG2/safeedit_full safeedit] parent 129/180
run_parallel_20260715_163351.log	[G8 K562/safeedit_full safeedit] parent 129/180
run_parallel_20260715_163351.log	[G8 SKNSH/safeedit_full safeedit] parent 145/180
run_parallel_20260715_163351.log	[G8 HepG2/safeedit_full safeedit] parent 145/180
run_parallel_20260715_163351.log	[G8 K562/safeedit_full safeedit] parent 145/180
run_parallel_20260715_163351.log	[G8 SKNSH/safeedit_full safeedit] parent 161/180
run_parallel_20260715_163351.log	[G8 HepG2/safeedit_full safeedit] parent 161/180
run_parallel_20260715_163351.log	[G8 K562/safeedit_full safeedit] parent 161/180
run_parallel_20260715_163351.log	[G8 SKNSH/safeedit_full safeedit] parent 177/180
run_parallel_20260715_163351.log	[G8 HepG2/safeedit_full safeedit] parent 177/180
run_parallel_20260715_163351.log	[G8 K562/safeedit_full safeedit] parent 177/180
run_parallel_20260715_163351.log	[G8 SKNSH/safeedit_no_reviewer_score primary_beam] parent 1/180
run_parallel_20260715_163351.log	[G8 HepG2/safeedit_no_reviewer_score primary_beam] parent 1/180
run_parallel_20260715_163351.log	[G8 K562/safeedit_no_reviewer_score primary_beam] parent 1/180
run_parallel_20260715_163351.log	[G8 SKNSH/safeedit_no_reviewer_score primary_beam] parent 17/180
run_parallel_20260715_163351.log	[G8 HepG2/safeedit_no_reviewer_score primary_beam] parent 17/180
run_parallel_20260715_163351.log	[G8 K562/safeedit_no_reviewer_score primary_beam] parent 17/180
run_parallel_20260715_163351.log	[G8 SKNSH/safeedit_no_reviewer_score primary_beam] parent 33/180
run_parallel_20260715_163351.log	[G8 HepG2/safeedit_no_reviewer_score primary_beam] parent 33/180
run_parallel_20260715_163351.log	[G8 K562/safeedit_no_reviewer_score primary_beam] parent 33/180
run_parallel_20260715_163351.log	[G8 SKNSH/safeedit_no_reviewer_score primary_beam] parent 49/180
run_parallel_20260715_163351.log	[G8 HepG2/safeedit_no_reviewer_score primary_beam] parent 49/180
run_parallel_20260715_163351.log	[G8 K562/safeedit_no_reviewer_score primary_beam] parent 49/180
run_parallel_20260715_163351.log	[G8 SKNSH/safeedit_no_reviewer_score primary_beam] parent 65/180
run_parallel_20260715_163351.log	[G8 HepG2/safeedit_no_reviewer_score primary_beam] parent 65/180
run_parallel_20260715_163351.log	[G8 K562/safeedit_no_reviewer_score primary_beam] parent 65/180
run_parallel_20260715_163351.log	[G8 SKNSH/safeedit_no_reviewer_score primary_beam] parent 81/180
run_parallel_20260715_163351.log	[G8 HepG2/safeedit_no_reviewer_score primary_beam] parent 81/180
run_parallel_20260715_163351.log	[G8 K562/safeedit_no_reviewer_score primary_beam] parent 81/180
run_parallel_20260715_163351.log	[G8 SKNSH/safeedit_no_reviewer_score primary_beam] parent 97/180
run_parallel_20260715_163351.log	[G8 HepG2/safeedit_no_reviewer_score primary_beam] parent 97/180
run_parallel_20260715_163351.log	[G8 K562/safeedit_no_reviewer_score primary_beam] parent 97/180
run_parallel_20260715_163351.log	[G8 HepG2/safeedit_no_reviewer_score primary_beam] parent 113/180
run_parallel_20260715_163351.log	[G8 SKNSH/safeedit_no_reviewer_score primary_beam] parent 113/180
run_parallel_20260715_163351.log	[G8 K562/safeedit_no_reviewer_score primary_beam] parent 113/180
run_parallel_20260715_163351.log	[G8 HepG2/safeedit_no_reviewer_score primary_beam] parent 129/180
run_parallel_20260715_163351.log	[G8 SKNSH/safeedit_no_reviewer_score primary_beam] parent 129/180
run_parallel_20260715_163351.log	[G8 K562/safeedit_no_reviewer_score primary_beam] parent 129/180
run_parallel_20260715_163351.log	[G8 HepG2/safeedit_no_reviewer_score primary_beam] parent 145/180
run_parallel_20260715_163351.log	[G8 SKNSH/safeedit_no_reviewer_score primary_beam] parent 145/180
run_parallel_20260715_163351.log	[G8 K562/safeedit_no_reviewer_score primary_beam] parent 145/180
run_parallel_20260715_163351.log	[G8 HepG2/safeedit_no_reviewer_score primary_beam] parent 161/180
run_parallel_20260715_163351.log	[G8 SKNSH/safeedit_no_reviewer_score primary_beam] parent 161/180
run_parallel_20260715_163351.log	[G8 K562/safeedit_no_reviewer_score primary_beam] parent 161/180
run_parallel_20260715_163351.log	[G8 HepG2/safeedit_no_reviewer_score primary_beam] parent 177/180
run_parallel_20260715_163351.log	[G8 SKNSH/safeedit_no_reviewer_score primary_beam] parent 177/180
run_parallel_20260715_163351.log	[G8 K562/safeedit_no_reviewer_score primary_beam] parent 177/180
run_parallel_20260715_163351.log	[G8 HepG2/safeedit_no_uncertainty_penalty safeedit] parent 1/180
run_parallel_20260715_163351.log	[G8 SKNSH/safeedit_no_uncertainty_penalty safeedit] parent 1/180
run_parallel_20260715_163351.log	[G8 K562/safeedit_no_uncertainty_penalty safeedit] parent 1/180
run_parallel_20260715_163351.log	[G8 HepG2/safeedit_no_uncertainty_penalty safeedit] parent 17/180
run_parallel_20260715_163351.log	[G8 SKNSH/safeedit_no_uncertainty_penalty safeedit] parent 17/180
run_parallel_20260715_163351.log	[G8 K562/safeedit_no_uncertainty_penalty safeedit] parent 17/180
run_parallel_20260715_163351.log	[G8 HepG2/safeedit_no_uncertainty_penalty safeedit] parent 33/180
run_parallel_20260715_163351.log	[G8 SKNSH/safeedit_no_uncertainty_penalty safeedit] parent 33/180
run_parallel_20260715_163351.log	[G8 K562/safeedit_no_uncertainty_penalty safeedit] parent 33/180
run_parallel_20260715_163351.log	[G8 HepG2/safeedit_no_uncertainty_penalty safeedit] parent 49/180
run_parallel_20260715_163351.log	[G8 SKNSH/safeedit_no_uncertainty_penalty safeedit] parent 49/180
run_parallel_20260715_163351.log	[G8 K562/safeedit_no_uncertainty_penalty safeedit] parent 49/180
run_parallel_20260715_163351.log	[G8 HepG2/safeedit_no_uncertainty_penalty safeedit] parent 65/180
run_parallel_20260715_163351.log	[G8 SKNSH/safeedit_no_uncertainty_penalty safeedit] parent 65/180
run_parallel_20260715_163351.log	[G8 K562/safeedit_no_uncertainty_penalty safeedit] parent 65/180
run_parallel_20260715_163351.log	[G8 HepG2/safeedit_no_uncertainty_penalty safeedit] parent 81/180
run_parallel_20260715_163351.log	[G8 SKNSH/safeedit_no_uncertainty_penalty safeedit] parent 81/180
run_parallel_20260715_163351.log	[G8 K562/safeedit_no_uncertainty_penalty safeedit] parent 81/180
run_parallel_20260715_163351.log	[G8 HepG2/safeedit_no_uncertainty_penalty safeedit] parent 97/180
run_parallel_20260715_163351.log	[G8 SKNSH/safeedit_no_uncertainty_penalty safeedit] parent 97/180
run_parallel_20260715_163351.log	[G8 K562/safeedit_no_uncertainty_penalty safeedit] parent 97/180
run_parallel_20260715_163351.log	[G8 HepG2/safeedit_no_uncertainty_penalty safeedit] parent 113/180
run_parallel_20260715_163351.log	[G8 SKNSH/safeedit_no_uncertainty_penalty safeedit] parent 113/180
run_parallel_20260715_163351.log	[G8 K562/safeedit_no_uncertainty_penalty safeedit] parent 113/180
run_parallel_20260715_163351.log	[G8 HepG2/safeedit_no_uncertainty_penalty safeedit] parent 129/180
run_parallel_20260715_163351.log	[G8 SKNSH/safeedit_no_uncertainty_penalty safeedit] parent 129/180
run_parallel_20260715_163351.log	[G8 K562/safeedit_no_uncertainty_penalty safeedit] parent 129/180
run_parallel_20260715_163351.log	[G8 HepG2/safeedit_no_uncertainty_penalty safeedit] parent 145/180
run_parallel_20260715_163351.log	[G8 SKNSH/safeedit_no_uncertainty_penalty safeedit] parent 145/180
run_parallel_20260715_163351.log	[G8 K562/safeedit_no_uncertainty_penalty safeedit] parent 145/180
run_parallel_20260715_163351.log	[G8 HepG2/safeedit_no_uncertainty_penalty safeedit] parent 161/180
run_parallel_20260715_163351.log	[G8 SKNSH/safeedit_no_uncertainty_penalty safeedit] parent 161/180
run_parallel_20260715_163351.log	[G8 K562/safeedit_no_uncertainty_penalty safeedit] parent 161/180
run_parallel_20260715_163351.log	[G8 HepG2/safeedit_no_uncertainty_penalty safeedit] parent 177/180
run_parallel_20260715_163351.log	[G8 SKNSH/safeedit_no_uncertainty_penalty safeedit] parent 177/180
run_parallel_20260715_163351.log	[G8 HepG2/safeedit_no_strand_penalty safeedit] parent 1/180
run_parallel_20260715_163351.log	[G8 K562/safeedit_no_uncertainty_penalty safeedit] parent 177/180
run_parallel_20260715_163351.log	[G8 SKNSH/safeedit_no_strand_penalty safeedit] parent 1/180
run_parallel_20260715_163351.log	[G8 K562/safeedit_no_strand_penalty safeedit] parent 1/180
run_parallel_20260715_163351.log	[G8 HepG2/safeedit_no_strand_penalty safeedit] parent 17/180
run_parallel_20260715_163351.log	[G8 SKNSH/safeedit_no_strand_penalty safeedit] parent 17/180
run_parallel_20260715_163351.log	[G8 K562/safeedit_no_strand_penalty safeedit] parent 17/180
run_parallel_20260715_163351.log	[G8 HepG2/safeedit_no_strand_penalty safeedit] parent 33/180
run_parallel_20260715_163351.log	[G8 SKNSH/safeedit_no_strand_penalty safeedit] parent 33/180
run_parallel_20260715_163351.log	[G8 K562/safeedit_no_strand_penalty safeedit] parent 33/180
run_parallel_20260715_163351.log	[G8 HepG2/safeedit_no_strand_penalty safeedit] parent 49/180
run_parallel_20260715_163351.log	[G8 SKNSH/safeedit_no_strand_penalty safeedit] parent 49/180
run_parallel_20260715_163351.log	[G8 K562/safeedit_no_strand_penalty safeedit] parent 49/180
run_parallel_20260715_163351.log	[G8 HepG2/safeedit_no_strand_penalty safeedit] parent 65/180
run_parallel_20260715_163351.log	[G8 SKNSH/safeedit_no_strand_penalty safeedit] parent 65/180
run_parallel_20260715_163351.log	[G8 K562/safeedit_no_strand_penalty safeedit] parent 65/180
run_parallel_20260715_163351.log	[G8 HepG2/safeedit_no_strand_penalty safeedit] parent 81/180
run_parallel_20260715_163351.log	[G8 SKNSH/safeedit_no_strand_penalty safeedit] parent 81/180
run_parallel_20260715_163351.log	[G8 K562/safeedit_no_strand_penalty safeedit] parent 81/180
run_parallel_20260715_163351.log	[G8 HepG2/safeedit_no_strand_penalty safeedit] parent 97/180
run_parallel_20260715_163351.log	[G8 SKNSH/safeedit_no_strand_penalty safeedit] parent 97/180
run_parallel_20260715_163351.log	[G8 K562/safeedit_no_strand_penalty safeedit] parent 97/180
run_parallel_20260715_163351.log	[G8 HepG2/safeedit_no_strand_penalty safeedit] parent 113/180
run_parallel_20260715_163351.log	[G8 SKNSH/safeedit_no_strand_penalty safeedit] parent 113/180
run_parallel_20260715_163351.log	[G8 K562/safeedit_no_strand_penalty safeedit] parent 113/180
run_parallel_20260715_163351.log	[G8 HepG2/safeedit_no_strand_penalty safeedit] parent 129/180
run_parallel_20260715_163351.log	[G8 SKNSH/safeedit_no_strand_penalty safeedit] parent 129/180
run_parallel_20260715_163351.log	[G8 K562/safeedit_no_strand_penalty safeedit] parent 129/180
run_parallel_20260715_163351.log	[G8 HepG2/safeedit_no_strand_penalty safeedit] parent 145/180
run_parallel_20260715_163351.log	[G8 SKNSH/safeedit_no_strand_penalty safeedit] parent 145/180
run_parallel_20260715_163351.log	[G8 K562/safeedit_no_strand_penalty safeedit] parent 145/180
run_parallel_20260715_163351.log	[G8 HepG2/safeedit_no_strand_penalty safeedit] parent 161/180
run_parallel_20260715_163351.log	[G8 SKNSH/safeedit_no_strand_penalty safeedit] parent 161/180
run_parallel_20260715_163351.log	[G8 K562/safeedit_no_strand_penalty safeedit] parent 161/180
run_parallel_20260715_163351.log	[G8 HepG2/safeedit_no_strand_penalty safeedit] parent 177/180
run_parallel_20260715_163351.log	[G8 SKNSH/safeedit_no_strand_penalty safeedit] parent 177/180
run_parallel_20260715_163351.log	[G8 HepG2/safeedit_no_naturalness_rerank safeedit] parent 1/180
run_parallel_20260715_163351.log	[G8 SKNSH/safeedit_no_naturalness_rerank safeedit] parent 1/180
run_parallel_20260715_163351.log	[G8 K562/safeedit_no_strand_penalty safeedit] parent 177/180
run_parallel_20260715_163351.log	[G8 K562/safeedit_no_naturalness_rerank safeedit] parent 1/180
run_parallel_20260715_163351.log	[G8 HepG2/safeedit_no_naturalness_rerank safeedit] parent 17/180
run_parallel_20260715_163351.log	[G8 SKNSH/safeedit_no_naturalness_rerank safeedit] parent 17/180
run_parallel_20260715_163351.log	[G8 K562/safeedit_no_naturalness_rerank safeedit] parent 17/180
run_parallel_20260715_163351.log	[G8 HepG2/safeedit_no_naturalness_rerank safeedit] parent 33/180
run_parallel_20260715_163351.log	[G8 SKNSH/safeedit_no_naturalness_rerank safeedit] parent 33/180
run_parallel_20260715_163351.log	[G8 K562/safeedit_no_naturalness_rerank safeedit] parent 33/180
run_parallel_20260715_163351.log	[G8 HepG2/safeedit_no_naturalness_rerank safeedit] parent 49/180
run_parallel_20260715_163351.log	[G8 SKNSH/safeedit_no_naturalness_rerank safeedit] parent 49/180
run_parallel_20260715_163351.log	[G8 K562/safeedit_no_naturalness_rerank safeedit] parent 49/180
run_parallel_20260715_163351.log	[G8 HepG2/safeedit_no_naturalness_rerank safeedit] parent 65/180
run_parallel_20260715_163351.log	[G8 SKNSH/safeedit_no_naturalness_rerank safeedit] parent 65/180
run_parallel_20260715_163351.log	[G8 K562/safeedit_no_naturalness_rerank safeedit] parent 65/180
run_parallel_20260715_163351.log	[G8 HepG2/safeedit_no_naturalness_rerank safeedit] parent 81/180
run_parallel_20260715_163351.log	[G8 SKNSH/safeedit_no_naturalness_rerank safeedit] parent 81/180
run_parallel_20260715_163351.log	[G8 K562/safeedit_no_naturalness_rerank safeedit] parent 81/180
run_parallel_20260715_163351.log	[G8 HepG2/safeedit_no_naturalness_rerank safeedit] parent 97/180
run_parallel_20260715_163351.log	[G8 SKNSH/safeedit_no_naturalness_rerank safeedit] parent 97/180
run_parallel_20260715_163351.log	[G8 K562/safeedit_no_naturalness_rerank safeedit] parent 97/180
run_parallel_20260715_163351.log	[G8 HepG2/safeedit_no_naturalness_rerank safeedit] parent 113/180
run_parallel_20260715_163351.log	[G8 SKNSH/safeedit_no_naturalness_rerank safeedit] parent 113/180
run_parallel_20260715_163351.log	[G8 K562/safeedit_no_naturalness_rerank safeedit] parent 113/180
run_parallel_20260715_163351.log	[G8 HepG2/safeedit_no_naturalness_rerank safeedit] parent 129/180
run_parallel_20260715_163351.log	[G8 SKNSH/safeedit_no_naturalness_rerank safeedit] parent 129/180
run_parallel_20260715_163351.log	[G8 K562/safeedit_no_naturalness_rerank safeedit] parent 129/180
run_parallel_20260715_163351.log	[G8 HepG2/safeedit_no_naturalness_rerank safeedit] parent 145/180
run_parallel_20260715_163351.log	[G8 SKNSH/safeedit_no_naturalness_rerank safeedit] parent 145/180
run_parallel_20260715_163351.log	[G8 K562/safeedit_no_naturalness_rerank safeedit] parent 145/180
run_parallel_20260715_163351.log	[G8 HepG2/safeedit_no_naturalness_rerank safeedit] parent 161/180
run_parallel_20260715_163351.log	[G8 SKNSH/safeedit_no_naturalness_rerank safeedit] parent 161/180
run_parallel_20260715_163351.log	[G8 K562/safeedit_no_naturalness_rerank safeedit] parent 161/180
run_parallel_20260715_163351.log	[G8 HepG2/safeedit_no_naturalness_rerank safeedit] parent 177/180
run_parallel_20260715_163351.log	[G8 SKNSH/safeedit_no_naturalness_rerank safeedit] parent 177/180
run_parallel_20260715_163351.log	[G8 HepG2/safeedit_no_sequence_prefilter safeedit] parent 1/180
run_parallel_20260715_163351.log	[G8 SKNSH/safeedit_no_sequence_prefilter safeedit] parent 1/180
run_parallel_20260715_163351.log	[G8 K562/safeedit_no_naturalness_rerank safeedit] parent 177/180
run_parallel_20260715_163351.log	[G8 K562/safeedit_no_sequence_prefilter safeedit] parent 1/180
run_parallel_20260715_163351.log	[G8 HepG2/safeedit_no_sequence_prefilter safeedit] parent 17/180
run_parallel_20260715_163351.log	[G8 SKNSH/safeedit_no_sequence_prefilter safeedit] parent 17/180
run_parallel_20260715_163351.log	[G8 K562/safeedit_no_sequence_prefilter safeedit] parent 17/180
run_parallel_20260715_163351.log	[G8 HepG2/safeedit_no_sequence_prefilter safeedit] parent 33/180
run_parallel_20260715_163351.log	[G8 SKNSH/safeedit_no_sequence_prefilter safeedit] parent 33/180
run_parallel_20260715_163351.log	[G8 K562/safeedit_no_sequence_prefilter safeedit] parent 33/180
run_parallel_20260715_163351.log	[G8 HepG2/safeedit_no_sequence_prefilter safeedit] parent 49/180
run_parallel_20260715_163351.log	[G8 SKNSH/safeedit_no_sequence_prefilter safeedit] parent 49/180
run_parallel_20260715_163351.log	[G8 K562/safeedit_no_sequence_prefilter safeedit] parent 49/180
run_parallel_20260715_163351.log	[G8 HepG2/safeedit_no_sequence_prefilter safeedit] parent 65/180
run_parallel_20260715_163351.log	[G8 SKNSH/safeedit_no_sequence_prefilter safeedit] parent 65/180
run_parallel_20260715_163351.log	[G8 K562/safeedit_no_sequence_prefilter safeedit] parent 65/180
run_parallel_20260715_163351.log	[G8 HepG2/safeedit_no_sequence_prefilter safeedit] parent 81/180
run_parallel_20260715_163351.log	[G8 SKNSH/safeedit_no_sequence_prefilter safeedit] parent 81/180
run_parallel_20260715_163351.log	[G8 K562/safeedit_no_sequence_prefilter safeedit] parent 81/180
run_parallel_20260715_163351.log	[G8 HepG2/safeedit_no_sequence_prefilter safeedit] parent 97/180
run_parallel_20260715_163351.log	[G8 SKNSH/safeedit_no_sequence_prefilter safeedit] parent 97/180
run_parallel_20260715_163351.log	[G8 K562/safeedit_no_sequence_prefilter safeedit] parent 97/180
run_parallel_20260715_163351.log	[G8 HepG2/safeedit_no_sequence_prefilter safeedit] parent 113/180
run_parallel_20260715_163351.log	[G8 SKNSH/safeedit_no_sequence_prefilter safeedit] parent 113/180
run_parallel_20260715_163351.log	[G8 K562/safeedit_no_sequence_prefilter safeedit] parent 113/180
run_parallel_20260715_163351.log	[G8 HepG2/safeedit_no_sequence_prefilter safeedit] parent 129/180
run_parallel_20260715_163351.log	[G8 SKNSH/safeedit_no_sequence_prefilter safeedit] parent 129/180
run_parallel_20260715_163351.log	[G8 K562/safeedit_no_sequence_prefilter safeedit] parent 129/180
run_parallel_20260715_163351.log	[G8 HepG2/safeedit_no_sequence_prefilter safeedit] parent 145/180
run_parallel_20260715_163351.log	[G8 SKNSH/safeedit_no_sequence_prefilter safeedit] parent 145/180
run_parallel_20260715_163351.log	[G8 K562/safeedit_no_sequence_prefilter safeedit] parent 145/180
run_parallel_20260715_163351.log	[G8 HepG2/safeedit_no_sequence_prefilter safeedit] parent 161/180
run_parallel_20260715_163351.log	[G8 SKNSH/safeedit_no_sequence_prefilter safeedit] parent 161/180
run_parallel_20260715_163351.log	[G8 K562/safeedit_no_sequence_prefilter safeedit] parent 161/180
run_parallel_20260715_163351.log	[G8 HepG2/safeedit_no_sequence_prefilter safeedit] parent 177/180
run_parallel_20260715_163351.log	[G8 SKNSH/safeedit_no_sequence_prefilter safeedit] parent 177/180
run_parallel_20260715_163351.log	[G8 HepG2/primary_beam primary_beam] parent 1/180
run_parallel_20260715_163351.log	[G8 SKNSH/primary_beam primary_beam] parent 1/180
run_parallel_20260715_163351.log	[G8 K562/safeedit_no_sequence_prefilter safeedit] parent 177/180
run_parallel_20260715_163351.log	[G8 K562/primary_beam primary_beam] parent 1/180
run_parallel_20260715_163351.log	[G8 HepG2/primary_beam primary_beam] parent 17/180
run_parallel_20260715_163351.log	[G8 SKNSH/primary_beam primary_beam] parent 17/180
run_parallel_20260715_163351.log	[G8 K562/primary_beam primary_beam] parent 17/180
run_parallel_20260715_163351.log	[G8 HepG2/primary_beam primary_beam] parent 33/180
run_parallel_20260715_163351.log	[G8 SKNSH/primary_beam primary_beam] parent 33/180
run_parallel_20260715_163351.log	[G8 K562/primary_beam primary_beam] parent 33/180
run_parallel_20260715_163351.log	[G8 HepG2/primary_beam primary_beam] parent 49/180
run_parallel_20260715_163351.log	[G8 SKNSH/primary_beam primary_beam] parent 49/180
run_parallel_20260715_163351.log	[G8 K562/primary_beam primary_beam] parent 49/180
run_parallel_20260715_163351.log	[G8 HepG2/primary_beam primary_beam] parent 65/180
run_parallel_20260715_163351.log	[G8 SKNSH/primary_beam primary_beam] parent 65/180
run_parallel_20260715_163351.log	[G8 K562/primary_beam primary_beam] parent 65/180
run_parallel_20260715_163351.log	[G8 HepG2/primary_beam primary_beam] parent 81/180
run_parallel_20260715_163351.log	[G8 SKNSH/primary_beam primary_beam] parent 81/180
run_parallel_20260715_163351.log	[G8 K562/primary_beam primary_beam] parent 81/180
run_parallel_20260715_163351.log	[G8 HepG2/primary_beam primary_beam] parent 97/180
run_parallel_20260715_163351.log	[G8 SKNSH/primary_beam primary_beam] parent 97/180
run_parallel_20260715_163351.log	[G8 K562/primary_beam primary_beam] parent 97/180
run_parallel_20260715_163351.log	[G8 HepG2/primary_beam primary_beam] parent 113/180
run_parallel_20260715_163351.log	[G8 SKNSH/primary_beam primary_beam] parent 113/180
run_parallel_20260715_163351.log	[G8 K562/primary_beam primary_beam] parent 113/180
run_parallel_20260715_163351.log	[G8 HepG2/primary_beam primary_beam] parent 129/180
run_parallel_20260715_163351.log	[G8 SKNSH/primary_beam primary_beam] parent 129/180
run_parallel_20260715_163351.log	[G8 K562/primary_beam primary_beam] parent 129/180
run_parallel_20260715_163351.log	[G8 HepG2/primary_beam primary_beam] parent 145/180
run_parallel_20260715_163351.log	[G8 SKNSH/primary_beam primary_beam] parent 145/180
run_parallel_20260715_163351.log	[G8 K562/primary_beam primary_beam] parent 145/180
run_parallel_20260715_163351.log	[G8 HepG2/primary_beam primary_beam] parent 161/180
run_parallel_20260715_163351.log	[G8 SKNSH/primary_beam primary_beam] parent 161/180
run_parallel_20260715_163351.log	[G8 K562/primary_beam primary_beam] parent 161/180
run_parallel_20260715_163351.log	[G8 HepG2/primary_beam primary_beam] parent 177/180
run_parallel_20260715_163351.log	[G8 SKNSH/primary_beam primary_beam] parent 177/180
run_parallel_20260715_163351.log	[G8 K562/primary_beam primary_beam] parent 177/180
run_parallel_20260715_163351.log	[G9] All 3 cells complete.
run_parallel_20260715_163351.log	[G9] Merging + sealed evaluator inference...
run_parallel_20260715_163351.log	[G9] PASS
